	timepoint	replicate_id	treatment	cc_state	lin_state	lon_state
cell00000	3	1	N_N_N	0	4	1
cell00001	3	1	N_N_N	2	3	2
cell00002	5	1	N_N_N_N_N	0	12	2
cell00003	5	1	N_N_N_N_N	1	11	1
cell00004	4	1	N_N_N_N	2	5	2
cell00005	3	1	N_N_N	0	3	1
cell00006	4	1	N_N_N_N	2	11	3
cell00007	4	1	N_N_N_N	1	4	2
cell00008	2	1	N_N	1	2	2
cell00009	4	1	N_N_N_N	1	5	1
cell00010	2	1	N_N	3	1	3
cell00011	3	1	N_N_N	1	3	2
cell00012	5	1	N_N_N_N_N	2	12	2
cell00013	5	1	N_N_N_N_N	0	11	1
cell00014	4	1	N_N_N_N	0	5	2
cell00015	5	1	N_N_N_N_N	0	10	1
cell00016	5	1	N_N_N_N_N	3	10	0
cell00017	4	1	N_N_N_N	2	6	3
cell00018	1	1	N	2	1	1
cell00019	4	1	N_N_N_N	3	7	2
cell00020	4	1	N_N_N_N	3	10	1
cell00021	5	1	N_N_N_N_N	0	8	1
cell00022	5	1	N_N_N_N_N	3	14	2
cell00023	3	1	N_N_N	1	3	1
cell00024	3	1	N_N_N	3	2	3
cell00025	4	1	N_N_N_N	3	12	1
cell00026	5	1	N_N_N_N_N	1	14	1
cell00027	4	1	N_N_N_N	1	5	1
cell00028	5	1	N_N_N_N_N	3	12	2
cell00029	5	1	N_N_N_N_N	1	11	3
cell00030	2	1	N_N	0	3	0
cell00031	5	1	N_N_N_N_N	2	8	0
cell00032	3	1	N_N_N	2	5	2
cell00033	5	1	N_N_N_N_N	2	9	0
cell00034	5	1	N_N_N_N_N	2	15	1
cell00035	5	1	N_N_N_N_N	0	8	3
cell00036	4	1	N_N_N_N	0	10	2
cell00037	5	1	N_N_N_N_N	3	18	3
cell00038	5	1	N_N_N_N_N	0	11	2
cell00039	4	1	N_N_N_N	1	4	3
cell00040	5	1	N_N_N_N_N	0	13	2
cell00041	5	1	N_N_N_N_N	1	12	2
cell00042	3	1	N_N_N	3	2	3
cell00043	5	1	N_N_N_N_N	0	10	3
cell00044	5	1	N_N_N_N_N	1	17	2
cell00045	4	1	N_N_N_N	2	5	1
cell00046	5	1	N_N_N_N_N	0	11	2
cell00047	3	1	N_N_N	1	2	3
cell00048	5	1	N_N_N_N_N	3	8	1
cell00049	5	1	N_N_N_N_N	2	11	1
cell00050	4	1	N_N_N_N	3	8	3
cell00051	5	1	N_N_N_N_N	2	15	1
cell00052	5	1	N_N_N_N_N	2	13	2
cell00053	3	1	N_N_N	0	3	3
cell00054	2	1	N_N	2	3	1
cell00055	4	1	N_N_N_N	1	7	2
cell00056	2	1	N_N	2	2	2
cell00057	5	1	N_N_N_N_N	2	9	0
cell00058	4	1	N_N_N_N	2	12	0
cell00059	4	1	N_N_N_N	0	12	1
cell00060	5	1	N_N_N_N_N	2	15	1
cell00061	5	1	N_N_N_N_N	0	9	2
cell00062	1	1	N	2	1	2
cell00063	2	1	N_N	2	1	2
cell00064	2	1	N_N	2	1	0
cell00065	2	1	N_N	0	1	2
cell00066	4	1	N_N_N_N	2	4	0
cell00067	4	1	N_N_N_N	1	11	2
cell00068	1	1	N	3	1	2
cell00069	3	1	N_N_N	3	5	1
cell00070	2	1	N_N	0	1	1
cell00071	5	1	N_N_N_N_N	1	11	3
cell00072	3	1	N_N_N	3	5	2
cell00073	4	1	N_N_N_N	0	12	3
cell00074	5	1	N_N_N_N_N	3	13	2
cell00075	3	1	N_N_N	2	7	2
cell00076	3	1	N_N_N	1	6	3
cell00077	5	1	N_N_N_N_N	2	11	2
cell00078	2	1	N_N	0	1	1
cell00079	5	1	N_N_N_N_N	0	14	2
cell00080	4	1	N_N_N_N	2	5	1
cell00081	2	1	N_N	3	2	3
cell00082	4	1	N_N_N_N	3	6	3
cell00083	4	1	N_N_N_N	1	6	3
cell00084	3	1	N_N_N	1	2	3
cell00085	5	1	N_N_N_N_N	3	18	2
cell00086	2	1	N_N	1	1	2
cell00087	4	1	N_N_N_N	0	7	0
cell00088	5	1	N_N_N_N_N	2	9	1
cell00089	2	1	N_N	2	1	0
cell00090	2	1	N_N	2	1	2
cell00091	1	1	N	2	0	1
cell00092	5	1	N_N_N_N_N	3	11	1
cell00093	3	1	N_N_N	1	5	3
cell00094	2	1	N_N	3	2	2
cell00095	5	1	N_N_N_N_N	0	11	1
cell00096	5	1	N_N_N_N_N	2	10	0
cell00097	2	1	N_N	3	3	1
cell00098	1	1	N	3	0	2
cell00099	5	1	N_N_N_N_N	2	16	1
cell00100	4	1	N_N_N_N	1	4	2
cell00101	5	1	N_N_N_N_N	2	13	2
cell00102	5	1	N_N_N_N_N	0	14	2
cell00103	5	1	N_N_N_N_N	3	13	1
cell00104	3	1	N_N_N	0	4	2
cell00105	5	1	N_N_N_N_N	0	12	2
cell00106	5	1	N_N_N_N_N	1	8	1
cell00107	2	1	N_N	0	2	2
cell00108	5	1	N_N_N_N_N	0	14	1
cell00109	3	1	N_N_N	2	5	2
cell00110	3	1	N_N_N	3	2	1
cell00111	4	1	N_N_N_N	2	9	2
cell00112	1	1	N	2	1	1
cell00113	4	1	N_N_N_N	0	8	0
cell00114	5	1	N_N_N_N_N	1	9	2
cell00115	2	1	N_N	3	3	2
cell00116	5	1	N_N_N_N_N	0	14	1
cell00117	3	1	N_N_N	0	2	0
cell00118	4	1	N_N_N_N	2	5	2
cell00119	3	1	N_N_N	2	3	0
cell00120	4	1	N_N_N_N	1	5	1
cell00121	3	1	N_N_N	2	4	2
cell00122	4	1	N_N_N_N	3	11	1
cell00123	1	1	N	1	1	1
cell00124	3	1	N_N_N	0	7	2
cell00125	5	1	N_N_N_N_N	1	8	3
cell00126	2	1	N_N	0	1	1
cell00127	5	1	N_N_N_N_N	3	18	0
cell00128	5	1	N_N_N_N_N	0	18	0
cell00129	4	1	N_N_N_N	1	7	3
cell00130	5	1	N_N_N_N_N	0	14	2
cell00131	5	1	N_N_N_N_N	1	10	2
cell00132	2	1	N_N	3	3	2
cell00133	5	1	N_N_N_N_N	2	15	3
cell00134	3	1	N_N_N	3	3	2
cell00135	5	1	N_N_N_N_N	2	10	0
cell00136	4	1	N_N_N_N	3	8	1
cell00137	5	1	N_N_N_N_N	2	16	2
cell00138	2	1	N_N	2	2	3
cell00139	4	1	N_N_N_N	1	6	3
cell00140	4	1	N_N_N_N	3	10	2
cell00141	2	1	N_N	3	1	0
cell00142	5	1	N_N_N_N_N	1	17	1
cell00143	4	1	N_N_N_N	3	8	2
cell00144	4	1	N_N_N_N	2	9	3
cell00145	4	1	N_N_N_N	0	5	3
cell00146	3	1	N_N_N	3	3	3
cell00147	3	1	N_N_N	0	6	2
cell00148	4	1	N_N_N_N	0	4	1
cell00149	5	1	N_N_N_N_N	2	12	3
cell00150	1	1	N	0	0	1
cell00151	3	1	N_N_N	2	3	1
cell00152	4	1	N_N_N_N	2	8	1
cell00153	4	1	N_N_N_N	2	8	3
cell00154	5	1	N_N_N_N_N	2	11	2
cell00155	1	1	N	1	1	1
cell00156	5	1	N_N_N_N_N	0	18	1
cell00157	5	1	N_N_N_N_N	2	15	1
cell00158	5	1	N_N_N_N_N	3	11	1
cell00159	2	1	N_N	2	2	3
cell00160	5	1	N_N_N_N_N	1	14	3
cell00161	3	1	N_N_N	3	7	2
cell00162	4	1	N_N_N_N	1	10	3
cell00163	5	1	N_N_N_N_N	0	12	1
cell00164	2	1	N_N	0	1	1
cell00165	4	1	N_N_N_N	1	10	3
cell00166	5	1	N_N_N_N_N	2	16	2
cell00167	5	1	N_N_N_N_N	0	11	1
cell00168	4	1	N_N_N_N	3	10	3
cell00169	5	1	N_N_N_N_N	2	17	2
cell00170	3	1	N_N_N	1	7	2
cell00171	5	1	N_N_N_N_N	0	15	0
cell00172	5	1	N_N_N_N_N	0	18	1
cell00173	5	1	N_N_N_N_N	1	18	0
cell00174	3	1	N_N_N	0	2	2
cell00175	4	1	N_N_N_N	2	4	2
cell00176	5	1	N_N_N_N_N	2	11	0
cell00177	5	1	N_N_N_N_N	0	17	2
cell00178	3	1	N_N_N	1	3	3
cell00179	4	1	N_N_N_N	0	7	1
cell00180	5	1	N_N_N_N_N	0	14	1
cell00181	5	1	N_N_N_N_N	0	17	2
cell00182	1	1	N	2	0	3
cell00183	3	1	N_N_N	1	2	2
cell00184	5	1	N_N_N_N_N	0	11	3
cell00185	2	1	N_N	2	1	3
cell00186	4	1	N_N_N_N	3	6	0
cell00187	3	1	N_N_N	0	2	1
cell00188	5	1	N_N_N_N_N	3	16	1
cell00189	5	1	N_N_N_N_N	3	14	0
cell00190	4	1	N_N_N_N	2	4	0
cell00191	5	1	N_N_N_N_N	1	16	1
cell00192	4	1	N_N_N_N	1	7	2
cell00193	4	1	N_N_N_N	0	5	2
cell00194	2	1	N_N	2	1	2
cell00195	5	1	N_N_N_N_N	1	11	1
cell00196	2	1	N_N	1	2	1
cell00197	4	1	N_N_N_N	0	5	2
cell00198	3	1	N_N_N	2	2	3
cell00199	4	1	N_N_N_N	2	12	1
cell00200	3	1	N_N_N	2	2	2
cell00201	5	1	N_N_N_N_N	3	17	0
cell00202	3	1	N_N_N	1	3	1
cell00203	4	1	N_N_N_N	3	12	1
cell00204	3	1	N_N_N	3	4	2
cell00205	4	1	N_N_N_N	3	6	1
cell00206	5	1	N_N_N_N_N	3	13	1
cell00207	3	1	N_N_N	2	2	0
cell00208	2	1	N_N	1	1	1
cell00209	3	1	N_N_N	3	2	1
cell00210	3	1	N_N_N	1	5	2
cell00211	3	1	N_N_N	1	2	2
cell00212	5	1	N_N_N_N_N	0	16	3
cell00213	3	1	N_N_N	3	2	2
cell00214	2	1	N_N	3	1	2
cell00215	3	1	N_N_N	3	4	2
cell00216	4	1	N_N_N_N	1	5	1
cell00217	5	1	N_N_N_N_N	1	8	0
cell00218	5	1	N_N_N_N_N	3	16	2
cell00219	4	1	N_N_N_N	2	4	0
cell00220	5	1	N_N_N_N_N	0	16	1
cell00221	3	1	N_N_N	1	6	3
cell00222	5	1	N_N_N_N_N	0	11	1
cell00223	5	1	N_N_N_N_N	3	14	2
cell00224	5	1	N_N_N_N_N	0	11	3
cell00225	4	1	N_N_N_N	3	6	2
cell00226	4	1	N_N_N_N	0	8	1
cell00227	3	1	N_N_N	3	2	0
cell00228	5	1	N_N_N_N_N	2	11	2
cell00229	5	1	N_N_N_N_N	3	11	3
cell00230	3	1	N_N_N	0	7	3
cell00231	3	1	N_N_N	1	3	2
cell00232	3	1	N_N_N	2	5	2
cell00233	4	1	N_N_N_N	0	7	0
cell00234	3	1	N_N_N	2	2	1
cell00235	3	1	N_N_N	2	4	3
cell00236	3	1	N_N_N	3	5	0
cell00237	4	1	N_N_N_N	1	10	2
cell00238	5	1	N_N_N_N_N	2	13	2
cell00239	2	1	N_N	1	3	2
cell00240	5	1	N_N_N_N_N	0	17	1
cell00241	4	1	N_N_N_N	1	7	1
cell00242	5	1	N_N_N_N_N	3	10	1
cell00243	3	1	N_N_N	0	5	1
cell00244	2	1	N_N	1	3	0
cell00245	3	1	N_N_N	3	4	3
cell00246	5	1	N_N_N_N_N	3	11	3
cell00247	4	1	N_N_N_N	2	7	1
cell00248	3	1	N_N_N	0	3	3
cell00249	3	1	N_N_N	1	6	2
cell00250	1	1	N	3	0	0
cell00251	5	1	N_N_N_N_N	2	16	2
cell00252	3	1	N_N_N	1	3	0
cell00253	3	1	N_N_N	0	2	0
cell00254	2	1	N_N	3	3	2
cell00255	3	1	N_N_N	2	7	0
cell00256	3	1	N_N_N	2	5	2
cell00257	5	1	N_N_N_N_N	3	15	0
cell00258	5	1	N_N_N_N_N	1	12	1
cell00259	4	1	N_N_N_N	2	10	2
cell00260	5	1	N_N_N_N_N	0	13	0
cell00261	3	1	N_N_N	3	7	1
cell00262	3	1	N_N_N	3	3	0
cell00263	5	1	N_N_N_N_N	1	11	0
cell00264	4	1	N_N_N_N	3	5	1
cell00265	2	1	N_N	3	2	0
cell00266	3	1	N_N_N	0	2	3
cell00267	5	1	N_N_N_N_N	1	18	1
cell00268	1	1	N	0	0	3
cell00269	5	1	N_N_N_N_N	0	11	2
cell00270	4	1	N_N_N_N	1	12	0
cell00271	3	1	N_N_N	3	7	2
cell00272	5	1	N_N_N_N_N	1	9	0
cell00273	5	1	N_N_N_N_N	3	11	1
cell00274	5	1	N_N_N_N_N	0	9	2
cell00275	5	1	N_N_N_N_N	1	13	2
cell00276	2	1	N_N	0	1	0
cell00277	3	1	N_N_N	2	3	2
cell00278	5	1	N_N_N_N_N	1	8	2
cell00279	3	1	N_N_N	0	3	3
cell00280	4	1	N_N_N_N	1	11	1
cell00281	1	1	N	1	0	1
cell00282	2	1	N_N	0	1	1
cell00283	4	1	N_N_N_N	2	5	1
cell00284	5	1	N_N_N_N_N	3	14	1
cell00285	4	1	N_N_N_N	0	8	2
cell00286	5	1	N_N_N_N_N	0	18	2
cell00287	5	1	N_N_N_N_N	3	12	0
cell00288	3	1	N_N_N	0	6	2
cell00289	3	1	N_N_N	0	7	0
cell00290	3	1	N_N_N	3	3	0
cell00291	4	1	N_N_N_N	2	9	0
cell00292	3	1	N_N_N	0	5	2
cell00293	4	1	N_N_N_N	3	5	2
cell00294	4	1	N_N_N_N	2	9	1
cell00295	5	1	N_N_N_N_N	0	18	1
cell00296	4	1	N_N_N_N	3	5	0
cell00297	4	1	N_N_N_N	0	11	2
cell00298	3	1	N_N_N	2	5	1
cell00299	5	1	N_N_N_N_N	3	14	3
cell00300	5	1	N_N_N_N_N	0	11	1
cell00301	3	1	N_N_N	3	5	2
cell00302	4	1	N_N_N_N	2	4	2
cell00303	4	1	N_N_N_N	0	5	3
cell00304	5	1	N_N_N_N_N	3	11	2
cell00305	3	1	N_N_N	3	3	2
cell00306	4	1	N_N_N_N	3	5	3
cell00307	5	1	N_N_N_N_N	1	12	2
cell00308	5	1	N_N_N_N_N	0	18	2
cell00309	3	1	N_N_N	1	2	1
cell00310	1	1	N	3	0	1
cell00311	5	1	N_N_N_N_N	3	11	1
cell00312	3	1	N_N_N	2	3	1
cell00313	3	1	N_N_N	0	3	2
cell00314	5	1	N_N_N_N_N	1	12	3
cell00315	2	1	N_N	1	2	0
cell00316	4	1	N_N_N_N	1	8	2
cell00317	3	1	N_N_N	1	4	3
cell00318	3	1	N_N_N	0	6	1
cell00319	5	1	N_N_N_N_N	3	15	2
cell00320	4	1	N_N_N_N	2	11	1
cell00321	2	1	N_N	0	1	0
cell00322	3	1	N_N_N	3	5	1
cell00323	5	1	N_N_N_N_N	0	12	1
cell00324	4	1	N_N_N_N	0	7	2
cell00325	5	1	N_N_N_N_N	1	11	0
cell00326	5	1	N_N_N_N_N	0	10	2
cell00327	5	1	N_N_N_N_N	3	13	2
cell00328	5	1	N_N_N_N_N	0	14	0
cell00329	5	1	N_N_N_N_N	1	11	2
cell00330	4	1	N_N_N_N	3	8	2
cell00331	1	1	N	2	1	1
cell00332	2	1	N_N	0	1	2
cell00333	5	1	N_N_N_N_N	0	10	2
cell00334	3	1	N_N_N	1	2	2
cell00335	4	1	N_N_N_N	3	7	1
cell00336	3	1	N_N_N	3	4	3
cell00337	4	1	N_N_N_N	3	5	0
cell00338	3	1	N_N_N	3	7	3
cell00339	2	1	N_N	3	1	2
cell00340	1	1	N	0	0	3
cell00341	5	1	N_N_N_N_N	3	10	2
cell00342	5	1	N_N_N_N_N	1	9	3
cell00343	2	1	N_N	2	2	2
cell00344	2	1	N_N	3	1	1
cell00345	2	1	N_N	3	1	2
cell00346	2	1	N_N	1	2	3
cell00347	5	1	N_N_N_N_N	1	13	2
cell00348	5	1	N_N_N_N_N	3	9	2
cell00349	5	1	N_N_N_N_N	3	17	1
cell00350	3	1	N_N_N	0	6	2
cell00351	2	1	N_N	1	1	1
cell00352	5	1	N_N_N_N_N	1	17	0
cell00353	5	1	N_N_N_N_N	1	16	1
cell00354	4	1	N_N_N_N	3	9	2
cell00355	3	1	N_N_N	0	2	2
cell00356	5	1	N_N_N_N_N	3	14	3
cell00357	3	1	N_N_N	1	3	3
cell00358	5	1	N_N_N_N_N	3	18	2
cell00359	4	1	N_N_N_N	0	11	3
cell00360	2	1	N_N	3	3	2
cell00361	3	1	N_N_N	3	2	2
cell00362	3	1	N_N_N	1	3	2
cell00363	3	1	N_N_N	1	4	2
cell00364	4	1	N_N_N_N	3	7	2
cell00365	3	1	N_N_N	3	4	2
cell00366	5	1	N_N_N_N_N	1	11	1
cell00367	4	1	N_N_N_N	3	8	1
cell00368	2	1	N_N	0	1	3
cell00369	2	1	N_N	2	1	0
cell00370	3	1	N_N_N	3	5	1
cell00371	4	1	N_N_N_N	3	5	1
cell00372	3	1	N_N_N	2	5	0
cell00373	5	1	N_N_N_N_N	0	12	2
cell00374	4	1	N_N_N_N	1	5	1
cell00375	3	1	N_N_N	1	6	0
cell00376	4	1	N_N_N_N	0	5	2
cell00377	4	1	N_N_N_N	1	8	3
cell00378	2	1	N_N	3	1	1
cell00379	5	1	N_N_N_N_N	3	13	2
cell00380	4	1	N_N_N_N	3	8	1
cell00381	4	1	N_N_N_N	0	12	1
cell00382	5	1	N_N_N_N_N	3	11	1
cell00383	4	1	N_N_N_N	1	11	1
cell00384	4	1	N_N_N_N	0	9	1
cell00385	4	1	N_N_N_N	1	8	1
cell00386	4	1	N_N_N_N	3	6	1
cell00387	3	1	N_N_N	2	3	3
cell00388	4	1	N_N_N_N	2	4	1
cell00389	4	1	N_N_N_N	2	9	2
cell00390	5	1	N_N_N_N_N	0	17	3
cell00391	2	1	N_N	1	3	1
cell00392	2	1	N_N	3	2	2
cell00393	5	1	N_N_N_N_N	2	8	3
cell00394	5	1	N_N_N_N_N	3	14	1
cell00395	5	1	N_N_N_N_N	3	18	0
cell00396	2	1	N_N	2	2	1
cell00397	5	1	N_N_N_N_N	2	9	2
cell00398	3	1	N_N_N	0	5	0
cell00399	5	1	N_N_N_N_N	2	12	0
cell00400	3	1	N_N_N	3	5	3
cell00401	3	1	N_N_N	1	7	2
cell00402	4	1	N_N_N_N	2	9	2
cell00403	3	1	N_N_N	0	4	3
cell00404	2	1	N_N	0	1	3
cell00405	5	1	N_N_N_N_N	1	14	1
cell00406	2	1	N_N	1	2	1
cell00407	5	1	N_N_N_N_N	1	18	0
cell00408	2	1	N_N	1	3	2
cell00409	5	1	N_N_N_N_N	2	10	1
cell00410	5	1	N_N_N_N_N	3	11	2
cell00411	5	1	N_N_N_N_N	0	15	2
cell00412	5	1	N_N_N_N_N	3	17	2
cell00413	4	1	N_N_N_N	3	8	0
cell00414	5	1	N_N_N_N_N	2	12	1
cell00415	4	1	N_N_N_N	1	4	1
cell00416	4	1	N_N_N_N	0	4	2
cell00417	2	1	N_N	0	1	3
cell00418	3	1	N_N_N	1	2	2
cell00419	3	1	N_N_N	3	6	3
cell00420	2	1	N_N	3	1	3
cell00421	4	1	N_N_N_N	0	8	2
cell00422	3	1	N_N_N	1	3	2
cell00423	5	1	N_N_N_N_N	1	12	1
cell00424	5	1	N_N_N_N_N	2	14	3
cell00425	5	1	N_N_N_N_N	0	8	3
cell00426	3	1	N_N_N	3	3	0
cell00427	2	1	N_N	3	3	2
cell00428	3	1	N_N_N	1	6	3
cell00429	1	1	N	3	1	3
cell00430	3	1	N_N_N	0	7	1
cell00431	1	1	N	0	1	1
cell00432	4	1	N_N_N_N	3	9	1
cell00433	5	1	N_N_N_N_N	2	17	2
cell00434	5	1	N_N_N_N_N	0	14	0
cell00435	4	1	N_N_N_N	3	12	1
cell00436	5	1	N_N_N_N_N	2	11	1
cell00437	4	1	N_N_N_N	2	9	3
cell00438	5	1	N_N_N_N_N	0	16	1
cell00439	5	1	N_N_N_N_N	2	8	1
cell00440	5	1	N_N_N_N_N	1	11	1
cell00441	4	1	N_N_N_N	1	12	2
cell00442	5	1	N_N_N_N_N	2	8	2
cell00443	4	1	N_N_N_N	1	10	2
cell00444	4	1	N_N_N_N	0	5	2
cell00445	4	1	N_N_N_N	1	6	3
cell00446	1	1	N	3	1	2
cell00447	2	1	N_N	3	3	2
cell00448	5	1	N_N_N_N_N	0	10	1
cell00449	5	1	N_N_N_N_N	1	8	2
cell00450	5	1	N_N_N_N_N	2	16	2
cell00451	3	1	N_N_N	1	7	1
cell00452	1	1	N	3	1	2
cell00453	4	1	N_N_N_N	2	5	1
cell00454	3	1	N_N_N	0	2	2
cell00455	3	1	N_N_N	0	3	3
cell00456	4	1	N_N_N_N	0	5	1
cell00457	2	1	N_N	1	3	3
cell00458	3	1	N_N_N	3	3	2
cell00459	4	1	N_N_N_N	2	8	2
cell00460	4	1	N_N_N_N	0	12	1
cell00461	4	1	N_N_N_N	1	5	0
cell00462	4	1	N_N_N_N	2	7	1
cell00463	2	1	N_N	1	1	3
cell00464	2	1	N_N	0	1	3
cell00465	3	1	N_N_N	2	2	0
cell00466	3	1	N_N_N	2	6	3
cell00467	3	1	N_N_N	1	7	2
cell00468	3	1	N_N_N	3	4	2
cell00469	3	1	N_N_N	2	2	1
cell00470	5	1	N_N_N_N_N	3	9	1
cell00471	4	1	N_N_N_N	1	5	0
cell00472	4	1	N_N_N_N	1	6	3
cell00473	1	1	N	3	1	3
cell00474	3	1	N_N_N	2	3	1
cell00475	2	1	N_N	3	2	1
cell00476	4	1	N_N_N_N	0	4	2
cell00477	2	1	N_N	1	3	2
cell00478	4	1	N_N_N_N	3	10	2
cell00479	5	1	N_N_N_N_N	3	16	2
cell00480	4	1	N_N_N_N	2	4	0
cell00481	1	1	N	3	0	2
cell00482	4	1	N_N_N_N	0	6	2
cell00483	3	1	N_N_N	0	7	1
cell00484	5	1	N_N_N_N_N	2	16	2
cell00485	3	1	N_N_N	2	6	3
cell00486	1	1	N	1	1	2
cell00487	5	1	N_N_N_N_N	1	12	0
cell00488	1	1	N	2	1	3
cell00489	3	1	N_N_N	1	6	2
cell00490	5	1	N_N_N_N_N	3	16	3
cell00491	5	1	N_N_N_N_N	2	10	2
cell00492	5	1	N_N_N_N_N	2	10	1
cell00493	4	1	N_N_N_N	3	11	1
cell00494	3	1	N_N_N	2	3	2
cell00495	5	1	N_N_N_N_N	2	12	1
cell00496	5	1	N_N_N_N_N	0	13	3
cell00497	4	1	N_N_N_N	3	7	2
cell00498	2	1	N_N	2	1	1
cell00499	5	1	N_N_N_N_N	2	11	1
cell00500	4	1	N_N_N_N	1	11	1
cell00501	1	1	N	2	1	2
cell00502	2	1	N_N	1	3	3
cell00503	5	1	N_N_N_N_N	1	9	2
cell00504	2	1	N_N	0	1	3
cell00505	5	1	N_N_N_N_N	2	9	0
cell00506	5	1	N_N_N_N_N	1	8	1
cell00507	5	1	N_N_N_N_N	2	17	1
cell00508	3	1	N_N_N	3	5	1
cell00509	5	1	N_N_N_N_N	2	16	3
cell00510	2	1	N_N	2	1	1
cell00511	5	1	N_N_N_N_N	2	16	3
cell00512	5	1	N_N_N_N_N	2	17	2
cell00513	3	1	N_N_N	1	7	2
cell00514	5	1	N_N_N_N_N	1	15	1
cell00515	4	1	N_N_N_N	2	11	2
cell00516	4	1	N_N_N_N	2	6	1
cell00517	5	1	N_N_N_N_N	2	12	2
cell00518	1	1	N	1	1	1
cell00519	3	1	N_N_N	0	2	0
cell00520	3	1	N_N_N	2	2	3
cell00521	1	1	N	2	1	2
cell00522	5	1	N_N_N_N_N	3	18	3
cell00523	2	1	N_N	0	3	2
cell00524	3	1	N_N_N	1	7	3
cell00525	1	1	N	1	1	2
cell00526	4	1	N_N_N_N	1	12	2
cell00527	3	1	N_N_N	2	3	1
cell00528	4	1	N_N_N_N	0	4	1
cell00529	5	1	N_N_N_N_N	0	14	1
cell00530	3	1	N_N_N	2	4	2
cell00531	3	1	N_N_N	3	2	1
cell00532	4	1	N_N_N_N	3	8	1
cell00533	4	1	N_N_N_N	1	6	1
cell00534	3	1	N_N_N	2	4	0
cell00535	2	1	N_N	1	1	1
cell00536	2	1	N_N	0	1	3
cell00537	5	1	N_N_N_N_N	2	17	1
cell00538	5	1	N_N_N_N_N	1	12	0
cell00539	4	1	N_N_N_N	2	7	3
cell00540	3	1	N_N_N	1	3	1
cell00541	4	1	N_N_N_N	0	6	2
cell00542	2	1	N_N	0	2	1
cell00543	2	1	N_N	3	1	0
cell00544	4	1	N_N_N_N	3	7	2
cell00545	3	1	N_N_N	2	4	1
cell00546	4	1	N_N_N_N	1	6	0
cell00547	3	1	N_N_N	1	2	2
cell00548	4	1	N_N_N_N	3	10	1
cell00549	3	1	N_N_N	3	2	2
cell00550	2	1	N_N	1	3	2
cell00551	3	1	N_N_N	2	3	2
cell00552	1	1	N	2	0	2
cell00553	5	1	N_N_N_N_N	1	15	3
cell00554	5	1	N_N_N_N_N	1	11	1
cell00555	5	1	N_N_N_N_N	3	14	2
cell00556	5	1	N_N_N_N_N	2	16	2
cell00557	5	1	N_N_N_N_N	1	10	1
cell00558	4	1	N_N_N_N	1	5	2
cell00559	4	1	N_N_N_N	1	5	1
cell00560	4	1	N_N_N_N	0	8	2
cell00561	4	1	N_N_N_N	3	4	1
cell00562	3	1	N_N_N	1	7	0
cell00563	5	1	N_N_N_N_N	0	13	0
cell00564	2	1	N_N	1	1	1
cell00565	4	1	N_N_N_N	0	7	0
cell00566	3	1	N_N_N	1	3	3
cell00567	3	1	N_N_N	3	2	1
cell00568	5	1	N_N_N_N_N	0	12	1
cell00569	4	1	N_N_N_N	1	4	3
cell00570	5	1	N_N_N_N_N	3	17	1
cell00571	5	1	N_N_N_N_N	1	9	0
cell00572	3	1	N_N_N	1	2	0
cell00573	4	1	N_N_N_N	1	10	0
cell00574	4	1	N_N_N_N	0	5	1
cell00575	3	1	N_N_N	2	4	3
cell00576	3	1	N_N_N	2	6	2
cell00577	4	1	N_N_N_N	3	4	2
cell00578	3	1	N_N_N	0	2	0
cell00579	5	1	N_N_N_N_N	1	8	2
cell00580	4	1	N_N_N_N	2	5	1
cell00581	5	1	N_N_N_N_N	1	11	1
cell00582	3	1	N_N_N	3	2	1
cell00583	2	1	N_N	3	1	3
cell00584	2	1	N_N	1	2	1
cell00585	5	1	N_N_N_N_N	2	13	3
cell00586	3	1	N_N_N	0	7	2
cell00587	4	1	N_N_N_N	2	5	1
cell00588	5	1	N_N_N_N_N	3	14	1
cell00589	2	1	N_N	3	1	3
cell00590	5	1	N_N_N_N_N	1	10	3
cell00591	2	1	N_N	1	1	1
cell00592	2	1	N_N	1	3	3
cell00593	4	1	N_N_N_N	2	8	2
cell00594	1	1	N	2	1	2
cell00595	2	1	N_N	1	1	3
cell00596	4	1	N_N_N_N	0	7	2
cell00597	5	1	N_N_N_N_N	3	18	1
cell00598	4	1	N_N_N_N	0	11	0
cell00599	5	1	N_N_N_N_N	3	10	1
cell00600	3	1	N_N_N	3	5	3
cell00601	2	1	N_N	0	2	1
cell00602	2	1	N_N	1	1	1
cell00603	2	1	N_N	2	2	0
cell00604	4	1	N_N_N_N	3	4	3
cell00605	2	1	N_N	3	2	1
cell00606	3	1	N_N_N	3	5	3
cell00607	1	1	N	1	1	2
cell00608	5	1	N_N_N_N_N	3	11	1
cell00609	2	1	N_N	0	3	3
cell00610	3	1	N_N_N	3	4	2
cell00611	2	1	N_N	0	3	2
cell00612	5	1	N_N_N_N_N	3	11	2
cell00613	5	1	N_N_N_N_N	2	15	1
cell00614	5	1	N_N_N_N_N	3	15	2
cell00615	4	1	N_N_N_N	3	5	0
cell00616	5	1	N_N_N_N_N	0	10	2
cell00617	4	1	N_N_N_N	0	11	1
cell00618	2	1	N_N	3	1	0
cell00619	5	1	N_N_N_N_N	2	10	0
cell00620	3	1	N_N_N	0	3	1
cell00621	1	1	N	0	0	2
cell00622	2	1	N_N	1	2	0
cell00623	5	1	N_N_N_N_N	1	9	2
cell00624	5	1	N_N_N_N_N	1	9	3
cell00625	5	1	N_N_N_N_N	3	15	2
cell00626	3	1	N_N_N	3	2	0
cell00627	2	1	N_N	2	1	1
cell00628	1	1	N	3	0	1
cell00629	4	1	N_N_N_N	0	7	2
cell00630	2	1	N_N	2	1	0
cell00631	4	1	N_N_N_N	1	8	3
cell00632	3	1	N_N_N	0	5	3
cell00633	2	1	N_N	2	1	3
cell00634	3	1	N_N_N	0	3	2
cell00635	3	1	N_N_N	0	4	0
cell00636	5	1	N_N_N_N_N	3	8	0
cell00637	5	1	N_N_N_N_N	3	14	2
cell00638	5	1	N_N_N_N_N	2	11	1
cell00639	4	1	N_N_N_N	1	9	1
cell00640	3	1	N_N_N	3	6	3
cell00641	1	1	N	0	1	2
cell00642	3	1	N_N_N	2	3	2
cell00643	4	1	N_N_N_N	3	11	2
cell00644	2	1	N_N	0	1	1
cell00645	3	1	N_N_N	1	2	2
cell00646	5	1	N_N_N_N_N	3	13	1
cell00647	4	1	N_N_N_N	2	7	2
cell00648	3	1	N_N_N	3	2	1
cell00649	5	1	N_N_N_N_N	0	13	1
cell00650	5	1	N_N_N_N_N	1	17	1
cell00651	2	1	N_N	1	1	1
cell00652	5	1	N_N_N_N_N	1	17	2
cell00653	5	1	N_N_N_N_N	3	18	2
cell00654	5	1	N_N_N_N_N	2	16	2
cell00655	5	1	N_N_N_N_N	2	10	2
cell00656	5	1	N_N_N_N_N	1	14	1
cell00657	3	1	N_N_N	0	6	2
cell00658	5	1	N_N_N_N_N	0	18	3
cell00659	5	1	N_N_N_N_N	2	11	2
cell00660	5	1	N_N_N_N_N	3	16	0
cell00661	1	1	N	3	1	1
cell00662	5	1	N_N_N_N_N	1	13	0
cell00663	3	1	N_N_N	1	7	1
cell00664	4	1	N_N_N_N	0	4	1
cell00665	4	1	N_N_N_N	2	6	1
cell00666	5	1	N_N_N_N_N	2	10	1
cell00667	2	1	N_N	3	1	1
cell00668	4	1	N_N_N_N	0	10	3
cell00669	4	1	N_N_N_N	2	7	1
cell00670	4	1	N_N_N_N	0	8	0
cell00671	5	1	N_N_N_N_N	3	15	2
cell00672	1	1	N	0	1	3
cell00673	4	1	N_N_N_N	1	5	1
cell00674	3	1	N_N_N	1	3	2
cell00675	4	1	N_N_N_N	2	6	1
cell00676	2	1	N_N	1	1	1
cell00677	1	1	N	0	1	1
cell00678	4	1	N_N_N_N	3	9	3
cell00679	5	1	N_N_N_N_N	1	14	0
cell00680	3	1	N_N_N	2	3	2
cell00681	1	1	N	2	1	3
cell00682	5	1	N_N_N_N_N	2	14	0
cell00683	5	1	N_N_N_N_N	2	9	2
cell00684	5	1	N_N_N_N_N	3	8	2
cell00685	5	1	N_N_N_N_N	1	16	3
cell00686	5	1	N_N_N_N_N	1	13	2
cell00687	5	1	N_N_N_N_N	0	8	2
cell00688	2	1	N_N	2	1	1
cell00689	2	1	N_N	2	3	1
cell00690	2	1	N_N	3	1	1
cell00691	5	1	N_N_N_N_N	3	13	3
cell00692	5	1	N_N_N_N_N	3	11	2
cell00693	5	1	N_N_N_N_N	0	13	0
cell00694	3	1	N_N_N	1	2	1
cell00695	3	1	N_N_N	0	6	2
cell00696	3	1	N_N_N	1	7	1
cell00697	3	1	N_N_N	3	6	3
cell00698	2	1	N_N	1	3	2
cell00699	4	1	N_N_N_N	3	8	3
cell00700	3	1	N_N_N	2	3	0
cell00701	4	1	N_N_N_N	2	8	1
cell00702	3	1	N_N_N	2	7	2
cell00703	5	1	N_N_N_N_N	1	15	0
cell00704	4	1	N_N_N_N	1	9	3
cell00705	5	1	N_N_N_N_N	1	11	0
cell00706	4	1	N_N_N_N	0	9	2
cell00707	5	1	N_N_N_N_N	2	11	2
cell00708	3	1	N_N_N	3	3	0
cell00709	5	1	N_N_N_N_N	0	11	1
cell00710	2	1	N_N	1	3	3
cell00711	3	1	N_N_N	0	4	0
cell00712	4	1	N_N_N_N	3	8	3
cell00713	3	1	N_N_N	3	2	3
cell00714	5	1	N_N_N_N_N	3	13	1
cell00715	5	1	N_N_N_N_N	0	9	1
cell00716	4	1	N_N_N_N	1	5	2
cell00717	5	1	N_N_N_N_N	2	10	2
cell00718	3	1	N_N_N	3	2	2
cell00719	5	1	N_N_N_N_N	3	15	1
cell00720	5	1	N_N_N_N_N	0	18	1
cell00721	4	1	N_N_N_N	3	7	1
cell00722	5	1	N_N_N_N_N	1	15	3
cell00723	5	1	N_N_N_N_N	1	15	2
cell00724	5	1	N_N_N_N_N	2	15	2
cell00725	5	1	N_N_N_N_N	2	11	2
cell00726	5	1	N_N_N_N_N	3	12	1
cell00727	5	1	N_N_N_N_N	1	11	2
cell00728	5	1	N_N_N_N_N	3	13	3
cell00729	5	1	N_N_N_N_N	1	11	2
cell00730	5	1	N_N_N_N_N	2	17	2
cell00731	4	1	N_N_N_N	3	10	1
cell00732	4	1	N_N_N_N	0	6	1
cell00733	3	1	N_N_N	3	3	0
cell00734	5	1	N_N_N_N_N	1	8	3
cell00735	5	1	N_N_N_N_N	2	9	1
cell00736	3	1	N_N_N	3	2	2
cell00737	3	1	N_N_N	0	7	2
cell00738	3	1	N_N_N	1	7	1
cell00739	4	1	N_N_N_N	1	9	3
cell00740	5	1	N_N_N_N_N	0	15	2
cell00741	4	1	N_N_N_N	0	5	1
cell00742	4	1	N_N_N_N	1	8	1
cell00743	5	1	N_N_N_N_N	1	11	3
cell00744	3	1	N_N_N	2	6	2
cell00745	3	1	N_N_N	0	5	3
cell00746	4	1	N_N_N_N	3	5	1
cell00747	5	1	N_N_N_N_N	1	18	0
cell00748	5	1	N_N_N_N_N	1	16	1
cell00749	2	1	N_N	3	2	1
cell00750	5	1	N_N_N_N_N	1	16	2
cell00751	1	1	N	1	1	1
cell00752	5	1	N_N_N_N_N	0	10	1
cell00753	5	1	N_N_N_N_N	1	16	2
cell00754	3	1	N_N_N	0	6	3
cell00755	5	1	N_N_N_N_N	1	9	1
cell00756	3	1	N_N_N	2	6	2
cell00757	5	1	N_N_N_N_N	2	18	2
cell00758	5	1	N_N_N_N_N	3	18	1
cell00759	5	1	N_N_N_N_N	2	15	1
cell00760	5	1	N_N_N_N_N	3	17	0
cell00761	5	1	N_N_N_N_N	2	16	2
cell00762	4	1	N_N_N_N	0	7	1
cell00763	3	1	N_N_N	3	4	1
cell00764	3	1	N_N_N	3	2	1
cell00765	3	1	N_N_N	0	3	1
cell00766	5	1	N_N_N_N_N	1	14	2
cell00767	5	1	N_N_N_N_N	1	11	1
cell00768	5	1	N_N_N_N_N	3	17	1
cell00769	5	1	N_N_N_N_N	0	11	2
cell00770	4	1	N_N_N_N	1	8	1
cell00771	3	1	N_N_N	3	3	1
cell00772	3	1	N_N_N	1	7	3
cell00773	5	1	N_N_N_N_N	0	9	2
cell00774	3	1	N_N_N	2	7	2
cell00775	5	1	N_N_N_N_N	1	16	1
cell00776	4	1	N_N_N_N	1	12	0
cell00777	4	1	N_N_N_N	2	4	0
cell00778	5	1	N_N_N_N_N	0	9	0
cell00779	3	1	N_N_N	2	2	2
cell00780	2	1	N_N	0	2	1
cell00781	4	1	N_N_N_N	3	7	2
cell00782	5	1	N_N_N_N_N	0	12	2
cell00783	5	1	N_N_N_N_N	1	12	1
cell00784	5	1	N_N_N_N_N	2	8	3
cell00785	2	1	N_N	2	2	1
cell00786	3	1	N_N_N	0	2	0
cell00787	2	1	N_N	3	1	1
cell00788	4	1	N_N_N_N	3	4	0
cell00789	3	1	N_N_N	2	6	1
cell00790	5	1	N_N_N_N_N	2	13	0
cell00791	4	1	N_N_N_N	3	7	2
cell00792	4	1	N_N_N_N	2	5	3
cell00793	4	1	N_N_N_N	3	7	1
cell00794	2	1	N_N	2	1	0
cell00795	3	1	N_N_N	2	7	0
cell00796	4	1	N_N_N_N	0	12	1
cell00797	3	1	N_N_N	3	7	2
cell00798	4	1	N_N_N_N	2	12	3
cell00799	4	1	N_N_N_N	3	10	2
cell00800	1	1	N	0	0	1
cell00801	4	1	N_N_N_N	3	6	3
cell00802	5	1	N_N_N_N_N	3	9	0
cell00803	5	1	N_N_N_N_N	2	11	1
cell00804	3	1	N_N_N	3	5	2
cell00805	4	1	N_N_N_N	1	12	0
cell00806	1	1	N	3	0	2
cell00807	4	1	N_N_N_N	1	12	1
cell00808	5	1	N_N_N_N_N	0	10	2
cell00809	3	1	N_N_N	1	7	2
cell00810	4	1	N_N_N_N	2	7	1
cell00811	5	1	N_N_N_N_N	3	16	2
cell00812	3	1	N_N_N	2	4	2
cell00813	2	1	N_N	1	1	2
cell00814	5	1	N_N_N_N_N	2	10	0
cell00815	5	1	N_N_N_N_N	0	15	0
cell00816	4	1	N_N_N_N	2	4	1
cell00817	4	1	N_N_N_N	2	9	0
cell00818	3	1	N_N_N	1	4	0
cell00819	3	1	N_N_N	0	2	2
cell00820	5	1	N_N_N_N_N	1	8	1
cell00821	4	1	N_N_N_N	2	12	2
cell00822	5	1	N_N_N_N_N	3	11	2
cell00823	5	1	N_N_N_N_N	0	12	0
cell00824	2	1	N_N	3	1	1
cell00825	2	1	N_N	2	1	2
cell00826	4	1	N_N_N_N	0	12	1
cell00827	5	1	N_N_N_N_N	0	16	3
cell00828	4	1	N_N_N_N	2	5	2
cell00829	1	1	N	2	0	2
cell00830	5	1	N_N_N_N_N	0	18	2
cell00831	2	1	N_N	0	1	3
cell00832	4	1	N_N_N_N	1	10	2
cell00833	4	1	N_N_N_N	3	12	3
cell00834	5	1	N_N_N_N_N	2	17	3
cell00835	5	1	N_N_N_N_N	3	11	0
cell00836	3	1	N_N_N	0	4	2
cell00837	5	1	N_N_N_N_N	0	11	2
cell00838	4	1	N_N_N_N	3	6	1
cell00839	3	1	N_N_N	1	2	1
cell00840	4	1	N_N_N_N	1	5	2
cell00841	2	1	N_N	3	3	2
cell00842	4	1	N_N_N_N	2	9	2
cell00843	5	1	N_N_N_N_N	0	10	2
cell00844	3	1	N_N_N	0	3	2
cell00845	3	1	N_N_N	0	3	3
cell00846	3	1	N_N_N	1	4	1
cell00847	5	1	N_N_N_N_N	0	9	3
cell00848	4	1	N_N_N_N	3	8	0
cell00849	5	1	N_N_N_N_N	0	8	3
cell00850	5	1	N_N_N_N_N	3	16	2
cell00851	3	1	N_N_N	0	7	2
cell00852	5	1	N_N_N_N_N	2	14	1
cell00853	3	1	N_N_N	2	3	0
cell00854	5	1	N_N_N_N_N	2	11	1
cell00855	1	1	N	0	0	2
cell00856	5	1	N_N_N_N_N	2	18	1
cell00857	5	1	N_N_N_N_N	0	11	2
cell00858	5	1	N_N_N_N_N	1	16	3
cell00859	5	1	N_N_N_N_N	0	18	2
cell00860	3	1	N_N_N	3	5	2
cell00861	2	1	N_N	3	1	0
cell00862	3	1	N_N_N	2	5	1
cell00863	5	1	N_N_N_N_N	0	15	2
cell00864	4	1	N_N_N_N	0	7	2
cell00865	1	1	N	3	0	0
cell00866	3	1	N_N_N	0	2	3
cell00867	5	1	N_N_N_N_N	2	18	1
cell00868	3	1	N_N_N	1	5	2
cell00869	3	1	N_N_N	2	2	2
cell00870	4	1	N_N_N_N	0	4	2
cell00871	5	1	N_N_N_N_N	2	13	2
cell00872	4	1	N_N_N_N	0	7	1
cell00873	3	1	N_N_N	3	5	2
cell00874	4	1	N_N_N_N	3	11	1
cell00875	5	1	N_N_N_N_N	0	11	1
cell00876	2	1	N_N	3	1	2
cell00877	3	1	N_N_N	2	2	2
cell00878	5	1	N_N_N_N_N	0	11	2
cell00879	4	1	N_N_N_N	3	11	2
cell00880	5	1	N_N_N_N_N	0	18	1
cell00881	4	1	N_N_N_N	3	4	1
cell00882	4	1	N_N_N_N	0	5	2
cell00883	5	1	N_N_N_N_N	0	16	1
cell00884	4	1	N_N_N_N	2	12	3
cell00885	5	1	N_N_N_N_N	3	17	1
cell00886	4	1	N_N_N_N	1	5	3
cell00887	4	1	N_N_N_N	2	8	2
cell00888	2	1	N_N	3	1	1
cell00889	5	1	N_N_N_N_N	3	11	2
cell00890	5	1	N_N_N_N_N	3	16	0
cell00891	5	1	N_N_N_N_N	2	12	3
cell00892	5	1	N_N_N_N_N	0	13	2
cell00893	4	1	N_N_N_N	0	7	3
cell00894	5	1	N_N_N_N_N	1	18	1
cell00895	4	1	N_N_N_N	3	7	2
cell00896	3	1	N_N_N	2	2	1
cell00897	3	1	N_N_N	0	6	2
cell00898	1	1	N	0	1	0
cell00899	5	1	N_N_N_N_N	3	15	0
cell00900	5	1	N_N_N_N_N	2	11	1
cell00901	4	1	N_N_N_N	0	10	1
cell00902	4	1	N_N_N_N	3	5	2
cell00903	4	1	N_N_N_N	0	12	0
cell00904	1	1	N	0	1	3
cell00905	2	1	N_N	0	1	0
cell00906	4	1	N_N_N_N	0	12	2
cell00907	3	1	N_N_N	1	2	2
cell00908	5	1	N_N_N_N_N	3	18	2
cell00909	5	1	N_N_N_N_N	3	12	0
cell00910	5	1	N_N_N_N_N	0	12	1
cell00911	5	1	N_N_N_N_N	0	13	1
cell00912	4	1	N_N_N_N	2	5	1
cell00913	2	1	N_N	0	2	2
cell00914	2	1	N_N	0	3	3
cell00915	5	1	N_N_N_N_N	3	13	2
cell00916	2	1	N_N	0	2	1
cell00917	4	1	N_N_N_N	3	5	2
cell00918	4	1	N_N_N_N	0	5	3
cell00919	3	1	N_N_N	3	2	3
cell00920	4	1	N_N_N_N	2	4	1
cell00921	2	1	N_N	2	1	0
cell00922	5	1	N_N_N_N_N	2	15	1
cell00923	1	1	N	3	0	1
cell00924	5	1	N_N_N_N_N	3	11	3
cell00925	2	1	N_N	3	3	2
cell00926	5	1	N_N_N_N_N	2	11	1
cell00927	5	1	N_N_N_N_N	2	11	2
cell00928	3	1	N_N_N	1	6	2
cell00929	3	1	N_N_N	0	3	2
cell00930	4	1	N_N_N_N	0	4	1
cell00931	2	1	N_N	0	2	1
cell00932	4	1	N_N_N_N	1	10	1
cell00933	5	1	N_N_N_N_N	0	18	2
cell00934	5	1	N_N_N_N_N	2	12	1
cell00935	5	1	N_N_N_N_N	0	14	1
cell00936	5	1	N_N_N_N_N	1	9	3
cell00937	2	1	N_N	2	3	1
cell00938	3	1	N_N_N	0	3	3
cell00939	4	1	N_N_N_N	0	11	0
cell00940	4	1	N_N_N_N	0	4	1
cell00941	3	1	N_N_N	2	5	1
cell00942	4	1	N_N_N_N	3	12	3
cell00943	4	1	N_N_N_N	2	10	3
cell00944	4	1	N_N_N_N	1	4	3
cell00945	2	1	N_N	3	1	3
cell00946	1	1	N	1	1	2
cell00947	5	1	N_N_N_N_N	2	8	2
cell00948	5	1	N_N_N_N_N	3	17	2
cell00949	2	1	N_N	3	1	1
cell00950	3	1	N_N_N	3	2	0
cell00951	5	1	N_N_N_N_N	2	16	2
cell00952	4	1	N_N_N_N	0	5	1
cell00953	2	1	N_N	3	1	2
cell00954	5	1	N_N_N_N_N	3	11	3
cell00955	2	1	N_N	3	2	1
cell00956	3	1	N_N_N	3	2	0
cell00957	5	1	N_N_N_N_N	1	12	1
cell00958	5	1	N_N_N_N_N	3	8	3
cell00959	5	1	N_N_N_N_N	0	9	1
cell00960	1	1	N	0	1	3
cell00961	5	1	N_N_N_N_N	2	13	0
cell00962	4	1	N_N_N_N	3	10	0
cell00963	5	1	N_N_N_N_N	2	15	3
cell00964	3	1	N_N_N	2	4	2
cell00965	2	1	N_N	1	1	1
cell00966	5	1	N_N_N_N_N	0	17	3
cell00967	3	1	N_N_N	3	2	3
cell00968	3	1	N_N_N	3	2	3
cell00969	4	1	N_N_N_N	0	7	1
cell00970	4	1	N_N_N_N	3	8	0
cell00971	1	1	N	2	0	0
cell00972	5	1	N_N_N_N_N	1	12	2
cell00973	4	1	N_N_N_N	2	10	3
cell00974	4	1	N_N_N_N	3	6	2
cell00975	5	1	N_N_N_N_N	0	13	1
cell00976	3	1	N_N_N	3	3	1
cell00977	5	1	N_N_N_N_N	0	11	2
cell00978	5	1	N_N_N_N_N	1	11	2
cell00979	5	1	N_N_N_N_N	0	15	1
cell00980	5	1	N_N_N_N_N	2	8	2
cell00981	5	1	N_N_N_N_N	0	14	3
cell00982	5	1	N_N_N_N_N	0	16	3
cell00983	5	1	N_N_N_N_N	2	11	2
cell00984	2	1	N_N	0	1	0
cell00985	3	1	N_N_N	0	2	2
cell00986	3	1	N_N_N	2	6	0
cell00987	5	1	N_N_N_N_N	0	17	0
cell00988	5	1	N_N_N_N_N	1	17	3
cell00989	5	1	N_N_N_N_N	1	10	1
cell00990	3	1	N_N_N	2	4	1
cell00991	5	1	N_N_N_N_N	1	13	1
cell00992	5	1	N_N_N_N_N	2	11	0
cell00993	4	1	N_N_N_N	2	5	2
cell00994	2	1	N_N	3	3	2
cell00995	4	1	N_N_N_N	0	12	3
cell00996	5	1	N_N_N_N_N	3	11	1
cell00997	5	1	N_N_N_N_N	0	11	1
cell00998	3	1	N_N_N	2	6	1
cell00999	5	1	N_N_N_N_N	0	10	2
cell01000	3	1	N_N_N	2	5	1
cell01001	1	1	N	3	1	2
cell01002	2	1	N_N	3	1	0
cell01003	5	1	N_N_N_N_N	0	18	1
cell01004	3	1	N_N_N	1	2	1
cell01005	4	1	N_N_N_N	1	5	3
cell01006	4	1	N_N_N_N	0	11	2
cell01007	2	1	N_N	2	3	0
cell01008	3	1	N_N_N	3	3	0
cell01009	5	1	N_N_N_N_N	3	13	2
cell01010	2	1	N_N	0	1	1
cell01011	1	1	N	1	0	1
cell01012	4	1	N_N_N_N	3	4	0
cell01013	3	1	N_N_N	2	5	1
cell01014	2	1	N_N	3	1	2
cell01015	3	1	N_N_N	0	5	1
cell01016	5	1	N_N_N_N_N	2	14	2
cell01017	3	1	N_N_N	0	6	3
cell01018	4	1	N_N_N_N	1	8	1
cell01019	5	1	N_N_N_N_N	1	15	0
cell01020	3	1	N_N_N	1	3	1
cell01021	3	1	N_N_N	1	4	2
cell01022	1	1	N	0	1	2
cell01023	4	1	N_N_N_N	0	9	3
cell01024	3	1	N_N_N	3	5	2
cell01025	5	1	N_N_N_N_N	2	12	3
cell01026	4	1	N_N_N_N	1	7	1
cell01027	5	1	N_N_N_N_N	1	9	1
cell01028	3	1	N_N_N	3	2	1
cell01029	3	1	N_N_N	2	3	1
cell01030	4	1	N_N_N_N	0	4	2
cell01031	5	1	N_N_N_N_N	0	14	3
cell01032	4	1	N_N_N_N	2	4	3
cell01033	5	1	N_N_N_N_N	3	13	1
cell01034	5	1	N_N_N_N_N	3	15	1
cell01035	5	1	N_N_N_N_N	2	16	1
cell01036	4	1	N_N_N_N	2	10	2
cell01037	2	1	N_N	1	2	2
cell01038	3	1	N_N_N	1	7	2
cell01039	3	1	N_N_N	2	7	1
cell01040	2	1	N_N	1	3	1
cell01041	5	1	N_N_N_N_N	1	16	2
cell01042	5	1	N_N_N_N_N	3	12	0
cell01043	3	1	N_N_N	2	2	0
cell01044	5	1	N_N_N_N_N	1	9	2
cell01045	5	1	N_N_N_N_N	2	11	0
cell01046	3	1	N_N_N	3	5	2
cell01047	3	1	N_N_N	3	6	2
cell01048	4	1	N_N_N_N	3	7	1
cell01049	3	1	N_N_N	2	2	0
cell01050	5	1	N_N_N_N_N	0	11	1
cell01051	5	1	N_N_N_N_N	2	9	3
cell01052	5	1	N_N_N_N_N	1	11	2
cell01053	2	1	N_N	1	3	1
cell01054	5	1	N_N_N_N_N	1	12	0
cell01055	4	1	N_N_N_N	0	5	0
cell01056	5	1	N_N_N_N_N	3	13	0
cell01057	4	1	N_N_N_N	0	12	1
cell01058	4	1	N_N_N_N	2	8	1
cell01059	5	1	N_N_N_N_N	2	8	2
cell01060	2	1	N_N	2	1	3
cell01061	4	1	N_N_N_N	0	4	1
cell01062	3	1	N_N_N	3	3	2
cell01063	5	1	N_N_N_N_N	1	18	0
cell01064	3	1	N_N_N	3	3	3
cell01065	5	1	N_N_N_N_N	2	11	2
cell01066	4	1	N_N_N_N	1	12	2
cell01067	4	1	N_N_N_N	2	4	2
cell01068	5	1	N_N_N_N_N	1	11	2
cell01069	5	1	N_N_N_N_N	0	8	2
cell01070	4	1	N_N_N_N	1	5	1
cell01071	3	1	N_N_N	1	4	2
cell01072	4	1	N_N_N_N	2	5	2
cell01073	5	1	N_N_N_N_N	3	14	1
cell01074	3	1	N_N_N	1	3	0
cell01075	4	1	N_N_N_N	2	5	3
cell01076	4	1	N_N_N_N	1	4	2
cell01077	4	1	N_N_N_N	1	5	1
cell01078	3	1	N_N_N	0	2	1
cell01079	5	1	N_N_N_N_N	1	8	2
cell01080	2	1	N_N	0	3	2
cell01081	5	1	N_N_N_N_N	2	14	1
cell01082	3	1	N_N_N	2	7	1
cell01083	5	1	N_N_N_N_N	1	13	1
cell01084	3	1	N_N_N	2	4	3
cell01085	2	1	N_N	2	1	3
cell01086	5	1	N_N_N_N_N	2	15	2
cell01087	2	1	N_N	2	1	0
cell01088	5	1	N_N_N_N_N	3	10	2
cell01089	5	1	N_N_N_N_N	3	17	2
cell01090	4	1	N_N_N_N	0	4	1
cell01091	5	1	N_N_N_N_N	1	15	1
cell01092	5	1	N_N_N_N_N	1	14	1
cell01093	5	1	N_N_N_N_N	3	15	1
cell01094	4	1	N_N_N_N	1	9	0
cell01095	5	1	N_N_N_N_N	3	12	0
cell01096	3	1	N_N_N	1	5	0
cell01097	5	1	N_N_N_N_N	3	8	0
cell01098	5	1	N_N_N_N_N	0	8	0
cell01099	3	1	N_N_N	1	6	0
cell01100	5	1	N_N_N_N_N	2	11	1
cell01101	5	1	N_N_N_N_N	3	11	1
cell01102	3	1	N_N_N	2	4	2
cell01103	5	1	N_N_N_N_N	3	17	3
cell01104	2	1	N_N	1	1	1
cell01105	3	1	N_N_N	2	2	3
cell01106	2	1	N_N	1	1	1
cell01107	2	1	N_N	0	3	0
cell01108	4	1	N_N_N_N	0	12	1
cell01109	3	1	N_N_N	1	3	2
cell01110	1	1	N	2	1	1
cell01111	4	1	N_N_N_N	2	4	2
cell01112	5	1	N_N_N_N_N	3	8	0
cell01113	4	1	N_N_N_N	3	5	0
cell01114	3	1	N_N_N	2	2	1
cell01115	3	1	N_N_N	0	2	3
cell01116	3	1	N_N_N	3	3	2
cell01117	3	1	N_N_N	1	2	0
cell01118	2	1	N_N	2	1	1
cell01119	2	1	N_N	1	1	2
cell01120	5	1	N_N_N_N_N	2	15	2
cell01121	2	1	N_N	1	3	2
cell01122	3	1	N_N_N	2	2	0
cell01123	3	1	N_N_N	2	7	1
cell01124	5	1	N_N_N_N_N	1	9	1
cell01125	3	1	N_N_N	3	7	3
cell01126	5	1	N_N_N_N_N	1	18	0
cell01127	1	1	N	1	0	2
cell01128	3	1	N_N_N	1	2	0
cell01129	3	1	N_N_N	1	7	2
cell01130	5	1	N_N_N_N_N	0	12	2
cell01131	5	1	N_N_N_N_N	2	11	3
cell01132	5	1	N_N_N_N_N	1	11	1
cell01133	3	1	N_N_N	0	5	2
cell01134	4	1	N_N_N_N	1	8	2
cell01135	3	1	N_N_N	0	7	3
cell01136	4	1	N_N_N_N	0	10	1
cell01137	4	1	N_N_N_N	3	8	3
cell01138	5	1	N_N_N_N_N	3	11	0
cell01139	4	1	N_N_N_N	2	6	1
cell01140	4	1	N_N_N_N	1	8	0
cell01141	5	1	N_N_N_N_N	1	13	3
cell01142	3	1	N_N_N	2	3	1
cell01143	4	1	N_N_N_N	3	5	2
cell01144	2	1	N_N	2	3	2
cell01145	4	1	N_N_N_N	3	5	0
cell01146	4	1	N_N_N_N	3	5	1
cell01147	3	1	N_N_N	3	5	1
cell01148	5	1	N_N_N_N_N	3	12	3
cell01149	4	1	N_N_N_N	0	4	2
cell01150	4	1	N_N_N_N	3	12	2
cell01151	1	1	N	2	0	2
cell01152	1	1	N	1	0	2
cell01153	5	1	N_N_N_N_N	1	12	1
cell01154	4	1	N_N_N_N	3	8	2
cell01155	1	1	N	3	1	3
cell01156	3	1	N_N_N	1	2	2
cell01157	3	1	N_N_N	0	2	3
cell01158	4	1	N_N_N_N	0	9	2
cell01159	2	1	N_N	3	2	0
cell01160	5	1	N_N_N_N_N	3	18	0
cell01161	3	1	N_N_N	3	7	2
cell01162	2	1	N_N	2	3	2
cell01163	5	1	N_N_N_N_N	3	16	2
cell01164	5	1	N_N_N_N_N	2	17	0
cell01165	3	1	N_N_N	0	5	2
cell01166	4	1	N_N_N_N	2	6	1
cell01167	5	1	N_N_N_N_N	2	16	2
cell01168	4	1	N_N_N_N	0	7	2
cell01169	5	1	N_N_N_N_N	3	11	3
cell01170	4	1	N_N_N_N	0	6	3
cell01171	5	1	N_N_N_N_N	2	11	1
cell01172	3	1	N_N_N	0	2	2
cell01173	4	1	N_N_N_N	1	7	1
cell01174	2	1	N_N	1	1	0
cell01175	5	1	N_N_N_N_N	2	15	2
cell01176	3	1	N_N_N	0	4	0
cell01177	3	1	N_N_N	2	7	0
cell01178	5	1	N_N_N_N_N	3	9	1
cell01179	4	1	N_N_N_N	2	12	1
cell01180	5	1	N_N_N_N_N	2	17	1
cell01181	5	1	N_N_N_N_N	0	12	1
cell01182	5	1	N_N_N_N_N	3	8	0
cell01183	2	1	N_N	2	2	2
cell01184	5	1	N_N_N_N_N	0	13	0
cell01185	5	1	N_N_N_N_N	0	9	1
cell01186	5	1	N_N_N_N_N	3	13	3
cell01187	4	1	N_N_N_N	0	7	2
cell01188	5	1	N_N_N_N_N	1	12	3
cell01189	3	1	N_N_N	0	2	1
cell01190	4	1	N_N_N_N	1	4	1
cell01191	1	1	N	2	1	2
cell01192	5	1	N_N_N_N_N	1	10	1
cell01193	3	1	N_N_N	2	2	1
cell01194	5	1	N_N_N_N_N	3	11	2
cell01195	5	1	N_N_N_N_N	1	10	1
cell01196	5	1	N_N_N_N_N	3	9	1
cell01197	4	1	N_N_N_N	0	5	2
cell01198	3	1	N_N_N	1	2	2
cell01199	4	1	N_N_N_N	3	7	3
cell01200	4	1	N_N_N_N	1	5	3
cell01201	4	1	N_N_N_N	1	4	1
cell01202	4	1	N_N_N_N	2	8	3
cell01203	4	1	N_N_N_N	2	5	2
cell01204	4	1	N_N_N_N	0	4	3
cell01205	2	1	N_N	2	3	3
cell01206	2	1	N_N	0	3	1
cell01207	4	1	N_N_N_N	0	5	2
cell01208	1	1	N	2	1	3
cell01209	5	1	N_N_N_N_N	2	16	2
cell01210	2	1	N_N	0	1	1
cell01211	1	1	N	0	0	1
cell01212	3	1	N_N_N	1	7	0
cell01213	5	1	N_N_N_N_N	2	15	0
cell01214	4	1	N_N_N_N	2	9	2
cell01215	4	1	N_N_N_N	3	7	1
cell01216	4	1	N_N_N_N	2	10	2
cell01217	3	1	N_N_N	2	6	1
cell01218	5	1	N_N_N_N_N	1	16	0
cell01219	5	1	N_N_N_N_N	0	11	2
cell01220	5	1	N_N_N_N_N	1	8	2
cell01221	3	1	N_N_N	3	7	3
cell01222	2	1	N_N	1	1	3
cell01223	4	1	N_N_N_N	3	8	3
cell01224	5	1	N_N_N_N_N	2	11	2
cell01225	3	1	N_N_N	3	7	3
cell01226	4	1	N_N_N_N	0	4	3
cell01227	3	1	N_N_N	0	3	1
cell01228	3	1	N_N_N	1	3	1
cell01229	2	1	N_N	0	3	0
cell01230	5	1	N_N_N_N_N	1	8	2
cell01231	5	1	N_N_N_N_N	1	12	3
cell01232	3	1	N_N_N	0	4	1
cell01233	4	1	N_N_N_N	2	11	1
cell01234	5	1	N_N_N_N_N	0	10	2
cell01235	5	1	N_N_N_N_N	3	11	3
cell01236	5	1	N_N_N_N_N	1	16	0
cell01237	4	1	N_N_N_N	3	8	1
cell01238	5	1	N_N_N_N_N	0	8	2
cell01239	4	1	N_N_N_N	0	7	1
cell01240	3	1	N_N_N	2	5	1
cell01241	3	1	N_N_N	0	7	3
cell01242	1	1	N	1	1	2
cell01243	5	1	N_N_N_N_N	3	18	2
cell01244	5	1	N_N_N_N_N	0	17	0
cell01245	5	1	N_N_N_N_N	1	11	1
cell01246	3	1	N_N_N	1	6	1
cell01247	5	1	N_N_N_N_N	1	11	3
cell01248	4	1	N_N_N_N	3	5	3
cell01249	5	1	N_N_N_N_N	1	11	2
cell01250	4	1	N_N_N_N	1	6	1
cell01251	3	1	N_N_N	3	2	3
cell01252	3	1	N_N_N	3	3	1
cell01253	3	1	N_N_N	3	3	0
cell01254	4	1	N_N_N_N	3	8	2
cell01255	2	1	N_N	2	1	0
cell01256	4	1	N_N_N_N	2	11	1
cell01257	2	1	N_N	1	1	2
cell01258	1	1	N	1	1	1
cell01259	1	1	N	1	1	2
cell01260	4	1	N_N_N_N	1	8	1
cell01261	2	1	N_N	1	1	1
cell01262	5	1	N_N_N_N_N	1	11	0
cell01263	3	1	N_N_N	3	2	2
cell01264	5	1	N_N_N_N_N	1	13	1
cell01265	3	1	N_N_N	0	3	2
cell01266	4	1	N_N_N_N	1	7	2
cell01267	3	1	N_N_N	3	3	2
cell01268	2	1	N_N	3	3	0
cell01269	5	1	N_N_N_N_N	3	11	2
cell01270	4	1	N_N_N_N	1	6	1
cell01271	3	1	N_N_N	3	3	2
cell01272	5	1	N_N_N_N_N	2	16	0
cell01273	1	1	N	2	1	1
cell01274	4	1	N_N_N_N	1	8	2
cell01275	3	1	N_N_N	1	3	2
cell01276	2	1	N_N	3	1	1
cell01277	3	1	N_N_N	3	3	1
cell01278	2	1	N_N	1	1	3
cell01279	3	1	N_N_N	1	4	0
cell01280	5	1	N_N_N_N_N	2	8	2
cell01281	2	1	N_N	3	3	2
cell01282	2	1	N_N	1	1	2
cell01283	3	1	N_N_N	2	5	3
cell01284	5	1	N_N_N_N_N	3	17	2
cell01285	2	1	N_N	1	2	1
cell01286	2	1	N_N	0	2	0
cell01287	4	1	N_N_N_N	0	7	0
cell01288	3	1	N_N_N	1	2	2
cell01289	3	1	N_N_N	1	3	1
cell01290	4	1	N_N_N_N	0	10	0
cell01291	5	1	N_N_N_N_N	2	18	1
cell01292	3	1	N_N_N	2	2	2
cell01293	5	1	N_N_N_N_N	2	11	3
cell01294	4	1	N_N_N_N	0	7	2
cell01295	4	1	N_N_N_N	1	4	1
cell01296	2	1	N_N	1	1	2
cell01297	5	1	N_N_N_N_N	2	17	0
cell01298	3	1	N_N_N	1	7	2
cell01299	5	1	N_N_N_N_N	2	12	1
cell01300	3	1	N_N_N	1	2	0
cell01301	5	1	N_N_N_N_N	3	10	2
cell01302	5	1	N_N_N_N_N	3	13	3
cell01303	1	1	N	3	1	2
cell01304	4	1	N_N_N_N	1	8	0
cell01305	5	1	N_N_N_N_N	2	8	0
cell01306	3	1	N_N_N	1	5	3
cell01307	3	1	N_N_N	1	3	3
cell01308	5	1	N_N_N_N_N	2	8	1
cell01309	5	1	N_N_N_N_N	3	9	1
cell01310	3	1	N_N_N	2	5	1
cell01311	5	1	N_N_N_N_N	2	13	2
cell01312	3	1	N_N_N	3	3	1
cell01313	3	1	N_N_N	0	6	1
cell01314	5	1	N_N_N_N_N	3	10	1
cell01315	1	1	N	2	0	1
cell01316	5	1	N_N_N_N_N	0	16	1
cell01317	2	1	N_N	2	1	0
cell01318	5	1	N_N_N_N_N	1	14	2
cell01319	4	1	N_N_N_N	0	11	2
cell01320	5	1	N_N_N_N_N	1	11	1
cell01321	5	1	N_N_N_N_N	2	15	2
cell01322	5	1	N_N_N_N_N	1	11	0
cell01323	3	1	N_N_N	1	5	0
cell01324	4	1	N_N_N_N	2	5	1
cell01325	5	1	N_N_N_N_N	1	11	1
cell01326	3	1	N_N_N	3	6	2
cell01327	3	1	N_N_N	0	5	3
cell01328	1	1	N	3	1	0
cell01329	2	1	N_N	1	1	2
cell01330	2	1	N_N	2	1	1
cell01331	5	1	N_N_N_N_N	1	14	2
cell01332	3	1	N_N_N	3	5	2
cell01333	5	1	N_N_N_N_N	2	14	1
cell01334	5	1	N_N_N_N_N	0	11	2
cell01335	3	1	N_N_N	1	5	2
cell01336	3	1	N_N_N	2	5	2
cell01337	4	1	N_N_N_N	1	7	0
cell01338	4	1	N_N_N_N	3	4	1
cell01339	4	1	N_N_N_N	3	4	0
cell01340	2	1	N_N	2	2	2
cell01341	3	1	N_N_N	1	3	1
cell01342	5	1	N_N_N_N_N	2	15	3
cell01343	2	1	N_N	3	2	2
cell01344	3	1	N_N_N	3	2	0
cell01345	4	1	N_N_N_N	0	11	1
cell01346	3	1	N_N_N	1	3	2
cell01347	2	1	N_N	2	2	2
cell01348	2	1	N_N	0	3	1
cell01349	2	1	N_N	1	3	2
cell01350	3	1	N_N_N	3	3	0
cell01351	5	1	N_N_N_N_N	2	18	1
cell01352	3	1	N_N_N	2	4	1
cell01353	3	1	N_N_N	3	2	1
cell01354	3	1	N_N_N	1	3	0
cell01355	2	1	N_N	1	1	2
cell01356	3	1	N_N_N	0	7	1
cell01357	2	1	N_N	1	3	1
cell01358	5	1	N_N_N_N_N	2	8	2
cell01359	5	1	N_N_N_N_N	1	11	2
cell01360	4	1	N_N_N_N	1	8	0
cell01361	1	1	N	1	0	2
cell01362	4	1	N_N_N_N	3	9	2
cell01363	4	1	N_N_N_N	0	10	2
cell01364	4	1	N_N_N_N	3	7	1
cell01365	2	1	N_N	0	3	1
cell01366	3	1	N_N_N	0	2	1
cell01367	5	1	N_N_N_N_N	0	13	1
cell01368	5	1	N_N_N_N_N	0	10	2
cell01369	4	1	N_N_N_N	0	12	3
cell01370	4	1	N_N_N_N	1	10	2
cell01371	5	1	N_N_N_N_N	3	18	0
cell01372	2	1	N_N	0	1	1
cell01373	4	1	N_N_N_N	0	5	0
cell01374	2	1	N_N	1	2	2
cell01375	2	1	N_N	1	1	3
cell01376	4	1	N_N_N_N	3	6	1
cell01377	5	1	N_N_N_N_N	0	14	2
cell01378	4	1	N_N_N_N	2	11	1
cell01379	3	1	N_N_N	2	3	2
cell01380	5	1	N_N_N_N_N	3	16	1
cell01381	3	1	N_N_N	2	2	1
cell01382	3	1	N_N_N	2	6	1
cell01383	5	1	N_N_N_N_N	0	14	2
cell01384	5	1	N_N_N_N_N	1	18	1
cell01385	5	1	N_N_N_N_N	2	18	1
cell01386	5	1	N_N_N_N_N	0	11	2
cell01387	5	1	N_N_N_N_N	2	11	0
cell01388	4	1	N_N_N_N	1	11	1
cell01389	5	1	N_N_N_N_N	3	13	0
cell01390	4	1	N_N_N_N	2	10	2
cell01391	5	1	N_N_N_N_N	0	11	3
cell01392	5	1	N_N_N_N_N	1	15	1
cell01393	5	1	N_N_N_N_N	2	12	2
cell01394	4	1	N_N_N_N	1	5	1
cell01395	4	1	N_N_N_N	1	4	3
cell01396	5	1	N_N_N_N_N	3	15	3
cell01397	1	1	N	3	0	2
cell01398	5	1	N_N_N_N_N	2	11	3
cell01399	2	1	N_N	0	2	2
cell01400	5	1	N_N_N_N_N	2	17	0
cell01401	5	1	N_N_N_N_N	1	8	1
cell01402	4	1	N_N_N_N	0	6	2
cell01403	4	1	N_N_N_N	2	9	2
cell01404	3	1	N_N_N	1	2	3
cell01405	3	1	N_N_N	1	2	1
cell01406	3	1	N_N_N	1	5	3
cell01407	3	1	N_N_N	3	2	1
cell01408	4	1	N_N_N_N	0	11	0
cell01409	5	1	N_N_N_N_N	1	12	1
cell01410	5	1	N_N_N_N_N	3	11	2
cell01411	3	1	N_N_N	3	5	1
cell01412	1	1	N	0	0	2
cell01413	5	1	N_N_N_N_N	2	8	0
cell01414	5	1	N_N_N_N_N	1	17	2
cell01415	3	1	N_N_N	3	6	1
cell01416	3	1	N_N_N	3	3	3
cell01417	5	1	N_N_N_N_N	1	13	3
cell01418	4	1	N_N_N_N	0	5	1
cell01419	3	1	N_N_N	1	3	2
cell01420	4	1	N_N_N_N	0	11	2
cell01421	4	1	N_N_N_N	3	9	2
cell01422	3	1	N_N_N	3	6	3
cell01423	4	1	N_N_N_N	3	11	2
cell01424	5	1	N_N_N_N_N	0	9	3
cell01425	2	1	N_N	1	3	2
cell01426	2	1	N_N	0	3	3
cell01427	2	1	N_N	3	2	1
cell01428	4	1	N_N_N_N	1	7	3
cell01429	4	1	N_N_N_N	1	11	2
cell01430	5	1	N_N_N_N_N	2	11	3
cell01431	5	1	N_N_N_N_N	3	10	2
cell01432	5	1	N_N_N_N_N	1	11	2
cell01433	5	1	N_N_N_N_N	2	16	2
cell01434	3	1	N_N_N	1	2	3
cell01435	2	1	N_N	3	1	2
cell01436	3	1	N_N_N	3	6	0
cell01437	5	1	N_N_N_N_N	0	13	1
cell01438	4	1	N_N_N_N	3	7	1
cell01439	4	1	N_N_N_N	2	10	3
cell01440	3	1	N_N_N	0	2	1
cell01441	4	1	N_N_N_N	2	7	3
cell01442	5	1	N_N_N_N_N	0	10	2
cell01443	2	1	N_N	1	1	2
cell01444	5	1	N_N_N_N_N	3	17	1
cell01445	3	1	N_N_N	2	2	3
cell01446	5	1	N_N_N_N_N	3	18	0
cell01447	5	1	N_N_N_N_N	2	16	3
cell01448	3	1	N_N_N	0	6	0
cell01449	4	1	N_N_N_N	2	10	3
cell01450	3	1	N_N_N	0	7	3
cell01451	5	1	N_N_N_N_N	2	12	0
cell01452	4	1	N_N_N_N	2	8	2
cell01453	4	1	N_N_N_N	1	7	0
cell01454	3	1	N_N_N	3	2	2
cell01455	3	1	N_N_N	2	3	3
cell01456	3	1	N_N_N	3	5	3
cell01457	3	1	N_N_N	2	3	0
cell01458	5	1	N_N_N_N_N	3	9	3
cell01459	4	1	N_N_N_N	3	7	1
cell01460	3	1	N_N_N	1	4	2
cell01461	5	1	N_N_N_N_N	2	14	3
cell01462	4	1	N_N_N_N	0	11	3
cell01463	4	1	N_N_N_N	2	6	1
cell01464	3	1	N_N_N	2	2	2
cell01465	5	1	N_N_N_N_N	3	17	2
cell01466	4	1	N_N_N_N	1	6	1
cell01467	3	1	N_N_N	2	2	1
cell01468	4	1	N_N_N_N	0	5	2
cell01469	3	1	N_N_N	1	6	2
cell01470	5	1	N_N_N_N_N	3	8	1
cell01471	4	1	N_N_N_N	2	12	3
cell01472	2	1	N_N	2	1	2
cell01473	2	1	N_N	0	2	3
cell01474	5	1	N_N_N_N_N	3	8	0
cell01475	5	1	N_N_N_N_N	1	10	1
cell01476	5	1	N_N_N_N_N	1	16	2
cell01477	3	1	N_N_N	2	2	1
cell01478	2	1	N_N	0	2	0
cell01479	5	1	N_N_N_N_N	3	16	2
cell01480	4	1	N_N_N_N	0	8	1
cell01481	5	1	N_N_N_N_N	1	18	1
cell01482	3	1	N_N_N	3	3	2
cell01483	4	1	N_N_N_N	3	4	1
cell01484	3	1	N_N_N	1	3	2
cell01485	3	1	N_N_N	1	5	2
cell01486	3	1	N_N_N	2	2	2
cell01487	5	1	N_N_N_N_N	2	11	0
cell01488	5	1	N_N_N_N_N	3	18	3
cell01489	4	1	N_N_N_N	2	4	3
cell01490	3	1	N_N_N	2	3	2
cell01491	1	1	N	1	0	2
cell01492	3	1	N_N_N	0	3	2
cell01493	5	1	N_N_N_N_N	2	14	3
cell01494	5	1	N_N_N_N_N	2	15	1
cell01495	4	1	N_N_N_N	1	7	2
cell01496	5	1	N_N_N_N_N	2	13	3
cell01497	3	1	N_N_N	2	7	1
cell01498	2	1	N_N	2	1	2
cell01499	5	1	N_N_N_N_N	1	11	1
cell01500	4	1	N_N_N_N	1	7	2
cell01501	5	1	N_N_N_N_N	0	11	2
cell01502	5	1	N_N_N_N_N	3	12	2
cell01503	1	1	N	3	0	1
cell01504	4	1	N_N_N_N	3	5	2
cell01505	4	1	N_N_N_N	0	11	1
cell01506	3	1	N_N_N	2	4	3
cell01507	5	1	N_N_N_N_N	1	15	3
cell01508	5	1	N_N_N_N_N	0	12	1
cell01509	4	1	N_N_N_N	0	4	2
cell01510	1	1	N	3	0	2
cell01511	3	1	N_N_N	1	5	1
cell01512	4	1	N_N_N_N	3	5	2
cell01513	5	1	N_N_N_N_N	1	11	2
cell01514	4	1	N_N_N_N	2	5	3
cell01515	1	1	N	0	0	2
cell01516	5	1	N_N_N_N_N	2	17	1
cell01517	4	1	N_N_N_N	2	5	1
cell01518	2	1	N_N	0	3	1
cell01519	3	1	N_N_N	0	4	1
cell01520	2	1	N_N	2	2	1
cell01521	3	1	N_N_N	3	3	1
cell01522	2	1	N_N	1	3	2
cell01523	2	1	N_N	1	2	3
cell01524	2	1	N_N	3	1	0
cell01525	4	1	N_N_N_N	2	9	2
cell01526	5	1	N_N_N_N_N	0	8	3
cell01527	3	1	N_N_N	3	5	3
cell01528	4	1	N_N_N_N	1	9	2
cell01529	5	1	N_N_N_N_N	0	12	2
cell01530	5	1	N_N_N_N_N	2	8	2
cell01531	2	1	N_N	0	3	1
cell01532	5	1	N_N_N_N_N	1	13	2
cell01533	3	1	N_N_N	3	6	2
cell01534	5	1	N_N_N_N_N	3	9	3
cell01535	1	1	N	2	1	2
cell01536	3	1	N_N_N	3	7	0
cell01537	5	1	N_N_N_N_N	0	17	1
cell01538	3	1	N_N_N	1	4	1
cell01539	5	1	N_N_N_N_N	3	9	2
cell01540	4	1	N_N_N_N	3	6	1
cell01541	2	1	N_N	1	3	2
cell01542	1	1	N	1	0	1
cell01543	3	1	N_N_N	2	2	2
cell01544	5	1	N_N_N_N_N	3	16	0
cell01545	3	1	N_N_N	3	4	0
cell01546	4	1	N_N_N_N	3	5	2
cell01547	5	1	N_N_N_N_N	3	14	2
cell01548	5	1	N_N_N_N_N	0	18	1
cell01549	4	1	N_N_N_N	2	7	0
cell01550	2	1	N_N	0	1	0
cell01551	1	1	N	3	1	2
cell01552	5	1	N_N_N_N_N	1	13	1
cell01553	4	1	N_N_N_N	1	7	0
cell01554	4	1	N_N_N_N	0	4	2
cell01555	5	1	N_N_N_N_N	0	18	2
cell01556	2	1	N_N	0	1	0
cell01557	4	1	N_N_N_N	1	5	2
cell01558	2	1	N_N	3	1	2
cell01559	1	1	N	1	1	1
cell01560	3	1	N_N_N	0	7	0
cell01561	3	1	N_N_N	0	3	1
cell01562	3	1	N_N_N	2	7	0
cell01563	3	1	N_N_N	0	6	3
cell01564	3	1	N_N_N	3	4	0
cell01565	5	1	N_N_N_N_N	2	18	3
cell01566	2	1	N_N	2	1	2
cell01567	5	1	N_N_N_N_N	2	16	1
cell01568	4	1	N_N_N_N	2	5	1
cell01569	4	1	N_N_N_N	0	5	2
cell01570	4	1	N_N_N_N	2	11	0
cell01571	5	1	N_N_N_N_N	3	13	3
cell01572	4	1	N_N_N_N	0	12	2
cell01573	3	1	N_N_N	1	7	3
cell01574	4	1	N_N_N_N	3	5	0
cell01575	5	1	N_N_N_N_N	0	18	3
cell01576	3	1	N_N_N	1	5	2
cell01577	4	1	N_N_N_N	1	5	1
cell01578	5	1	N_N_N_N_N	2	12	3
cell01579	4	1	N_N_N_N	3	10	2
cell01580	2	1	N_N	0	1	2
cell01581	4	1	N_N_N_N	3	10	1
cell01582	5	1	N_N_N_N_N	3	10	2
cell01583	4	1	N_N_N_N	3	5	2
cell01584	3	1	N_N_N	0	6	1
cell01585	4	1	N_N_N_N	0	5	1
cell01586	4	1	N_N_N_N	1	5	3
cell01587	5	1	N_N_N_N_N	2	8	2
cell01588	5	1	N_N_N_N_N	0	18	1
cell01589	4	1	N_N_N_N	1	7	2
cell01590	4	1	N_N_N_N	0	9	1
cell01591	3	1	N_N_N	0	3	3
cell01592	3	1	N_N_N	3	6	2
cell01593	3	1	N_N_N	3	2	1
cell01594	3	1	N_N_N	2	4	0
cell01595	3	1	N_N_N	2	2	0
cell01596	1	1	N	0	0	2
cell01597	2	1	N_N	3	2	1
cell01598	3	1	N_N_N	1	3	2
cell01599	4	1	N_N_N_N	2	6	2
cell01600	1	1	N	1	1	0
cell01601	4	1	N_N_N_N	2	10	0
cell01602	3	1	N_N_N	1	4	0
cell01603	5	1	N_N_N_N_N	2	12	2
cell01604	5	1	N_N_N_N_N	3	17	2
cell01605	2	1	N_N	1	1	2
cell01606	3	1	N_N_N	1	3	3
cell01607	1	1	N	3	0	1
cell01608	2	1	N_N	0	3	0
cell01609	4	1	N_N_N_N	2	8	2
cell01610	5	1	N_N_N_N_N	0	11	1
cell01611	2	1	N_N	2	1	2
cell01612	5	1	N_N_N_N_N	3	14	1
cell01613	5	1	N_N_N_N_N	0	9	3
cell01614	4	1	N_N_N_N	1	9	2
cell01615	3	1	N_N_N	1	5	2
cell01616	2	1	N_N	0	1	1
cell01617	5	1	N_N_N_N_N	2	13	2
cell01618	3	1	N_N_N	0	3	1
cell01619	2	1	N_N	0	3	1
cell01620	5	1	N_N_N_N_N	0	10	2
cell01621	4	1	N_N_N_N	3	9	2
cell01622	3	1	N_N_N	3	7	0
cell01623	4	1	N_N_N_N	0	10	1
cell01624	1	1	N	1	0	2
cell01625	5	1	N_N_N_N_N	1	15	3
cell01626	5	1	N_N_N_N_N	3	9	1
cell01627	4	1	N_N_N_N	3	5	3
cell01628	3	1	N_N_N	0	4	2
cell01629	5	1	N_N_N_N_N	0	15	1
cell01630	5	1	N_N_N_N_N	3	8	0
cell01631	4	1	N_N_N_N	0	8	1
cell01632	5	1	N_N_N_N_N	3	13	2
cell01633	2	1	N_N	0	1	3
cell01634	4	1	N_N_N_N	1	4	1
cell01635	2	1	N_N	3	1	1
cell01636	5	1	N_N_N_N_N	0	10	0
cell01637	5	1	N_N_N_N_N	1	13	1
cell01638	5	1	N_N_N_N_N	0	10	2
cell01639	3	1	N_N_N	3	6	2
cell01640	3	1	N_N_N	0	7	3
cell01641	5	1	N_N_N_N_N	2	11	1
cell01642	2	1	N_N	0	2	3
cell01643	5	1	N_N_N_N_N	2	12	1
cell01644	5	1	N_N_N_N_N	0	14	2
cell01645	1	1	N	0	1	0
cell01646	3	1	N_N_N	0	2	1
cell01647	3	1	N_N_N	1	4	1
cell01648	5	1	N_N_N_N_N	2	10	2
cell01649	5	1	N_N_N_N_N	0	18	3
cell01650	5	1	N_N_N_N_N	1	11	2
cell01651	2	1	N_N	3	2	2
cell01652	2	1	N_N	0	1	2
cell01653	2	1	N_N	3	3	2
cell01654	5	1	N_N_N_N_N	2	15	0
cell01655	5	1	N_N_N_N_N	0	8	0
cell01656	4	1	N_N_N_N	1	4	1
cell01657	4	1	N_N_N_N	0	5	3
cell01658	5	1	N_N_N_N_N	2	14	2
cell01659	3	1	N_N_N	3	5	2
cell01660	5	1	N_N_N_N_N	1	15	3
cell01661	5	1	N_N_N_N_N	0	10	0
cell01662	5	1	N_N_N_N_N	2	17	3
cell01663	4	1	N_N_N_N	3	8	1
cell01664	2	1	N_N	1	1	2
cell01665	2	1	N_N	0	2	0
cell01666	4	1	N_N_N_N	0	5	1
cell01667	2	1	N_N	1	1	2
cell01668	4	1	N_N_N_N	3	12	2
cell01669	3	1	N_N_N	2	2	1
cell01670	1	1	N	3	1	1
cell01671	3	1	N_N_N	0	2	1
cell01672	5	1	N_N_N_N_N	1	11	1
cell01673	5	1	N_N_N_N_N	3	17	1
cell01674	4	1	N_N_N_N	2	5	1
cell01675	4	1	N_N_N_N	1	10	0
cell01676	1	1	N	3	0	2
cell01677	4	1	N_N_N_N	2	8	2
cell01678	5	1	N_N_N_N_N	1	10	3
cell01679	5	1	N_N_N_N_N	1	17	1
cell01680	3	1	N_N_N	1	4	1
cell01681	4	1	N_N_N_N	3	11	1
cell01682	4	1	N_N_N_N	3	8	0
cell01683	3	1	N_N_N	3	2	1
cell01684	2	1	N_N	3	1	0
cell01685	5	1	N_N_N_N_N	0	17	2
cell01686	1	1	N	2	0	3
cell01687	2	1	N_N	1	1	1
cell01688	5	1	N_N_N_N_N	1	9	1
cell01689	5	1	N_N_N_N_N	1	16	1
cell01690	5	1	N_N_N_N_N	3	13	2
cell01691	5	1	N_N_N_N_N	2	15	2
cell01692	4	1	N_N_N_N	2	9	1
cell01693	4	1	N_N_N_N	3	10	1
cell01694	4	1	N_N_N_N	0	10	2
cell01695	4	1	N_N_N_N	0	12	1
cell01696	5	1	N_N_N_N_N	2	12	1
cell01697	5	1	N_N_N_N_N	0	17	2
cell01698	4	1	N_N_N_N	3	12	1
cell01699	5	1	N_N_N_N_N	3	12	1
cell01700	4	1	N_N_N_N	0	12	1
cell01701	3	1	N_N_N	2	2	3
cell01702	4	1	N_N_N_N	1	11	3
cell01703	4	1	N_N_N_N	2	9	2
cell01704	4	1	N_N_N_N	2	4	1
cell01705	3	1	N_N_N	2	5	1
cell01706	3	1	N_N_N	0	2	0
cell01707	3	1	N_N_N	0	3	2
cell01708	4	1	N_N_N_N	0	9	2
cell01709	3	1	N_N_N	2	3	3
cell01710	3	1	N_N_N	3	5	3
cell01711	5	1	N_N_N_N_N	0	10	3
cell01712	5	1	N_N_N_N_N	2	10	3
cell01713	4	1	N_N_N_N	0	12	3
cell01714	5	1	N_N_N_N_N	3	14	2
cell01715	3	1	N_N_N	0	5	2
cell01716	4	1	N_N_N_N	3	4	0
cell01717	4	1	N_N_N_N	0	8	1
cell01718	4	1	N_N_N_N	3	8	0
cell01719	4	1	N_N_N_N	3	9	2
cell01720	4	1	N_N_N_N	1	7	3
cell01721	4	1	N_N_N_N	2	8	1
cell01722	3	1	N_N_N	2	3	1
cell01723	3	1	N_N_N	0	6	3
cell01724	4	1	N_N_N_N	0	5	1
cell01725	5	1	N_N_N_N_N	0	13	2
cell01726	2	1	N_N	3	1	2
cell01727	3	1	N_N_N	2	7	1
cell01728	3	1	N_N_N	2	3	3
cell01729	3	1	N_N_N	3	3	2
cell01730	5	1	N_N_N_N_N	1	11	1
cell01731	3	1	N_N_N	1	6	1
cell01732	2	1	N_N	0	2	1
cell01733	2	1	N_N	0	1	2
cell01734	5	1	N_N_N_N_N	1	18	2
cell01735	4	1	N_N_N_N	0	12	2
cell01736	1	1	N	0	0	2
cell01737	5	1	N_N_N_N_N	3	14	3
cell01738	4	1	N_N_N_N	3	5	2
cell01739	1	1	N	1	1	2
cell01740	4	1	N_N_N_N	2	11	2
cell01741	2	1	N_N	2	2	1
cell01742	4	1	N_N_N_N	1	5	0
cell01743	4	1	N_N_N_N	1	7	0
cell01744	2	1	N_N	0	1	3
cell01745	5	1	N_N_N_N_N	1	17	1
cell01746	4	1	N_N_N_N	2	5	1
cell01747	4	1	N_N_N_N	0	12	1
cell01748	5	1	N_N_N_N_N	0	11	0
cell01749	5	1	N_N_N_N_N	2	17	3
cell01750	1	1	N	0	1	1
cell01751	5	1	N_N_N_N_N	0	16	2
cell01752	4	1	N_N_N_N	1	9	1
cell01753	5	1	N_N_N_N_N	2	11	2
cell01754	3	1	N_N_N	0	7	3
cell01755	3	1	N_N_N	2	3	2
cell01756	4	1	N_N_N_N	2	5	0
cell01757	4	1	N_N_N_N	0	10	2
cell01758	5	1	N_N_N_N_N	2	11	0
cell01759	4	1	N_N_N_N	1	5	1
cell01760	2	1	N_N	3	3	1
cell01761	1	1	N	3	1	0
cell01762	4	1	N_N_N_N	0	6	3
cell01763	5	1	N_N_N_N_N	0	10	0
cell01764	4	1	N_N_N_N	3	10	1
cell01765	2	1	N_N	0	2	0
cell01766	4	1	N_N_N_N	0	5	2
cell01767	1	1	N	2	0	1
cell01768	4	1	N_N_N_N	1	12	2
cell01769	4	1	N_N_N_N	1	12	0
cell01770	5	1	N_N_N_N_N	2	17	1
cell01771	3	1	N_N_N	0	7	1
cell01772	3	1	N_N_N	0	7	2
cell01773	3	1	N_N_N	3	3	1
cell01774	4	1	N_N_N_N	3	12	1
cell01775	5	1	N_N_N_N_N	1	9	2
cell01776	5	1	N_N_N_N_N	0	13	3
cell01777	5	1	N_N_N_N_N	0	17	1
cell01778	2	1	N_N	1	2	1
cell01779	2	1	N_N	3	1	1
cell01780	4	1	N_N_N_N	3	8	0
cell01781	2	1	N_N	0	3	1
cell01782	5	1	N_N_N_N_N	3	17	3
cell01783	5	1	N_N_N_N_N	1	13	0
cell01784	5	1	N_N_N_N_N	2	8	1
cell01785	5	1	N_N_N_N_N	2	8	3
cell01786	4	1	N_N_N_N	3	10	3
cell01787	3	1	N_N_N	0	6	1
cell01788	5	1	N_N_N_N_N	3	8	1
cell01789	2	1	N_N	1	1	0
cell01790	1	1	N	0	0	1
cell01791	5	1	N_N_N_N_N	1	18	1
cell01792	5	1	N_N_N_N_N	1	10	2
cell01793	5	1	N_N_N_N_N	3	17	1
cell01794	5	1	N_N_N_N_N	3	9	3
cell01795	4	1	N_N_N_N	2	6	1
cell01796	5	1	N_N_N_N_N	3	14	2
cell01797	4	1	N_N_N_N	1	9	0
cell01798	5	1	N_N_N_N_N	0	14	2
cell01799	5	1	N_N_N_N_N	0	17	1
cell01800	5	1	N_N_N_N_N	2	12	2
cell01801	3	1	N_N_N	2	5	2
cell01802	3	1	N_N_N	3	2	2
cell01803	5	1	N_N_N_N_N	0	14	1
cell01804	3	1	N_N_N	2	2	1
cell01805	5	1	N_N_N_N_N	3	13	1
cell01806	2	1	N_N	1	3	2
cell01807	5	1	N_N_N_N_N	0	10	2
cell01808	3	1	N_N_N	1	3	0
cell01809	5	1	N_N_N_N_N	2	8	1
cell01810	2	1	N_N	0	3	1
cell01811	5	1	N_N_N_N_N	2	11	3
cell01812	4	1	N_N_N_N	3	5	0
cell01813	4	1	N_N_N_N	2	11	0
cell01814	3	1	N_N_N	0	7	3
cell01815	4	1	N_N_N_N	3	5	2
cell01816	3	1	N_N_N	0	3	1
cell01817	4	1	N_N_N_N	2	4	0
cell01818	3	1	N_N_N	3	5	1
cell01819	5	1	N_N_N_N_N	2	16	0
cell01820	4	1	N_N_N_N	3	7	3
cell01821	2	1	N_N	1	2	1
cell01822	5	1	N_N_N_N_N	0	11	1
cell01823	5	1	N_N_N_N_N	3	14	2
cell01824	3	1	N_N_N	1	6	0
cell01825	1	1	N	0	1	2
cell01826	4	1	N_N_N_N	3	12	0
cell01827	4	1	N_N_N_N	3	10	2
cell01828	5	1	N_N_N_N_N	1	15	1
cell01829	1	1	N	1	0	3
cell01830	1	1	N	1	1	3
cell01831	5	1	N_N_N_N_N	2	18	2
cell01832	5	1	N_N_N_N_N	3	17	1
cell01833	3	1	N_N_N	0	5	0
cell01834	4	1	N_N_N_N	3	11	2
cell01835	5	1	N_N_N_N_N	3	17	0
cell01836	5	1	N_N_N_N_N	0	16	1
cell01837	5	1	N_N_N_N_N	0	11	0
cell01838	4	1	N_N_N_N	2	8	1
cell01839	3	1	N_N_N	3	6	2
cell01840	3	1	N_N_N	1	4	3
cell01841	4	1	N_N_N_N	3	12	2
cell01842	5	1	N_N_N_N_N	3	8	3
cell01843	3	1	N_N_N	1	7	3
cell01844	4	1	N_N_N_N	2	11	0
cell01845	4	1	N_N_N_N	3	11	0
cell01846	4	1	N_N_N_N	1	8	1
cell01847	5	1	N_N_N_N_N	0	17	3
cell01848	3	1	N_N_N	2	7	1
cell01849	3	1	N_N_N	0	4	3
cell01850	3	1	N_N_N	2	7	0
cell01851	3	1	N_N_N	1	2	3
cell01852	4	1	N_N_N_N	3	10	1
cell01853	5	1	N_N_N_N_N	0	17	1
cell01854	5	1	N_N_N_N_N	3	12	1
cell01855	3	1	N_N_N	2	7	0
cell01856	2	1	N_N	2	1	3
cell01857	3	1	N_N_N	0	7	1
cell01858	5	1	N_N_N_N_N	1	14	2
cell01859	5	1	N_N_N_N_N	0	10	0
cell01860	4	1	N_N_N_N	3	10	3
cell01861	4	1	N_N_N_N	3	5	0
cell01862	3	1	N_N_N	0	5	1
cell01863	5	1	N_N_N_N_N	1	17	0
cell01864	3	1	N_N_N	1	7	2
cell01865	5	1	N_N_N_N_N	1	9	1
cell01866	5	1	N_N_N_N_N	3	15	2
cell01867	4	1	N_N_N_N	0	5	1
cell01868	4	1	N_N_N_N	1	7	1
cell01869	4	1	N_N_N_N	3	9	2
cell01870	5	1	N_N_N_N_N	3	18	2
cell01871	2	1	N_N	2	1	2
cell01872	4	1	N_N_N_N	3	7	0
cell01873	4	1	N_N_N_N	3	12	0
cell01874	3	1	N_N_N	3	6	1
cell01875	1	1	N	3	0	2
cell01876	4	1	N_N_N_N	2	5	1
cell01877	3	1	N_N_N	0	2	2
cell01878	5	1	N_N_N_N_N	2	11	1
cell01879	5	1	N_N_N_N_N	0	16	0
cell01880	2	1	N_N	0	1	2
cell01881	3	1	N_N_N	0	3	3
cell01882	3	1	N_N_N	3	2	1
cell01883	5	1	N_N_N_N_N	0	13	0
cell01884	5	1	N_N_N_N_N	3	17	2
cell01885	3	1	N_N_N	2	4	1
cell01886	3	1	N_N_N	1	3	2
cell01887	3	1	N_N_N	3	6	3
cell01888	5	1	N_N_N_N_N	3	13	1
cell01889	1	1	N	3	1	3
cell01890	2	1	N_N	1	1	2
cell01891	5	1	N_N_N_N_N	0	11	2
cell01892	3	1	N_N_N	3	2	2
cell01893	5	1	N_N_N_N_N	0	9	1
cell01894	5	1	N_N_N_N_N	0	8	1
cell01895	1	1	N	2	1	3
cell01896	3	1	N_N_N	0	2	2
cell01897	5	1	N_N_N_N_N	0	16	1
cell01898	2	1	N_N	2	3	2
cell01899	4	1	N_N_N_N	3	5	3
cell01900	2	1	N_N	2	3	1
cell01901	5	1	N_N_N_N_N	2	16	1
cell01902	5	1	N_N_N_N_N	1	10	2
cell01903	1	1	N	3	1	2
cell01904	3	1	N_N_N	2	7	0
cell01905	5	1	N_N_N_N_N	3	10	3
cell01906	5	1	N_N_N_N_N	2	11	2
cell01907	4	1	N_N_N_N	2	7	1
cell01908	3	1	N_N_N	0	2	2
cell01909	3	1	N_N_N	3	3	1
cell01910	3	1	N_N_N	3	2	1
cell01911	3	1	N_N_N	1	5	3
cell01912	5	1	N_N_N_N_N	1	13	1
cell01913	3	1	N_N_N	1	5	3
cell01914	5	1	N_N_N_N_N	3	12	3
cell01915	3	1	N_N_N	3	4	2
cell01916	4	1	N_N_N_N	3	11	1
cell01917	5	1	N_N_N_N_N	2	13	3
cell01918	3	1	N_N_N	2	4	2
cell01919	2	1	N_N	2	2	0
cell01920	5	1	N_N_N_N_N	3	9	2
cell01921	4	1	N_N_N_N	0	5	2
cell01922	3	1	N_N_N	0	3	3
cell01923	5	1	N_N_N_N_N	0	12	1
cell01924	2	1	N_N	1	2	1
cell01925	5	1	N_N_N_N_N	1	8	2
cell01926	4	1	N_N_N_N	0	12	0
cell01927	3	1	N_N_N	2	6	2
cell01928	2	1	N_N	3	1	2
cell01929	5	1	N_N_N_N_N	2	11	2
cell01930	4	1	N_N_N_N	3	5	1
cell01931	4	1	N_N_N_N	2	12	0
cell01932	5	1	N_N_N_N_N	3	11	1
cell01933	3	1	N_N_N	0	3	1
cell01934	2	1	N_N	3	2	2
cell01935	5	1	N_N_N_N_N	0	18	2
cell01936	3	1	N_N_N	1	2	2
cell01937	4	1	N_N_N_N	2	12	3
cell01938	4	1	N_N_N_N	1	11	2
cell01939	4	1	N_N_N_N	3	5	2
cell01940	5	1	N_N_N_N_N	0	14	1
cell01941	4	1	N_N_N_N	2	10	0
cell01942	4	1	N_N_N_N	0	8	1
cell01943	4	1	N_N_N_N	2	4	2
cell01944	5	1	N_N_N_N_N	0	13	2
cell01945	4	1	N_N_N_N	0	9	1
cell01946	3	1	N_N_N	1	2	0
cell01947	2	1	N_N	1	3	0
cell01948	5	1	N_N_N_N_N	0	11	1
cell01949	5	1	N_N_N_N_N	1	11	1
cell01950	5	1	N_N_N_N_N	0	10	0
cell01951	5	1	N_N_N_N_N	1	14	0
cell01952	5	1	N_N_N_N_N	1	11	2
cell01953	4	1	N_N_N_N	3	5	1
cell01954	2	1	N_N	2	3	2
cell01955	4	1	N_N_N_N	1	5	3
cell01956	4	1	N_N_N_N	1	5	2
cell01957	1	1	N	1	1	1
cell01958	4	1	N_N_N_N	1	9	1
cell01959	5	1	N_N_N_N_N	3	14	3
cell01960	4	1	N_N_N_N	2	4	1
cell01961	4	1	N_N_N_N	1	6	2
cell01962	5	1	N_N_N_N_N	3	12	3
cell01963	5	1	N_N_N_N_N	2	16	2
cell01964	3	1	N_N_N	1	6	2
cell01965	4	1	N_N_N_N	1	11	1
cell01966	5	1	N_N_N_N_N	2	15	1
cell01967	3	1	N_N_N	3	3	0
cell01968	4	1	N_N_N_N	0	12	2
cell01969	4	1	N_N_N_N	3	9	0
cell01970	4	1	N_N_N_N	1	4	1
cell01971	4	1	N_N_N_N	0	10	1
cell01972	3	1	N_N_N	2	2	1
cell01973	3	1	N_N_N	3	6	1
cell01974	1	1	N	1	1	0
cell01975	5	1	N_N_N_N_N	0	10	1
cell01976	3	1	N_N_N	2	3	0
cell01977	1	1	N	1	1	0
cell01978	2	1	N_N	1	1	2
cell01979	3	1	N_N_N	3	3	3
cell01980	5	1	N_N_N_N_N	3	12	3
cell01981	4	1	N_N_N_N	1	7	2
cell01982	3	1	N_N_N	1	2	2
cell01983	5	1	N_N_N_N_N	2	8	2
cell01984	5	1	N_N_N_N_N	3	14	0
cell01985	3	1	N_N_N	3	3	1
cell01986	5	1	N_N_N_N_N	3	16	3
cell01987	3	1	N_N_N	0	2	3
cell01988	4	1	N_N_N_N	0	9	1
cell01989	4	1	N_N_N_N	2	6	1
cell01990	5	1	N_N_N_N_N	3	12	2
cell01991	5	1	N_N_N_N_N	2	15	2
cell01992	4	1	N_N_N_N	1	7	1
cell01993	5	1	N_N_N_N_N	3	14	0
cell01994	5	1	N_N_N_N_N	0	15	1
cell01995	4	1	N_N_N_N	3	4	2
cell01996	4	1	N_N_N_N	1	12	3
cell01997	1	1	N	1	1	0
cell01998	3	1	N_N_N	2	5	2
cell01999	3	1	N_N_N	1	6	0
