	timepoint	treatment	replicate_id
AAATGCCAGCCACGCT-1	9.5	invivo	1
AAGCCGCCATGACATC-1	9.5	invivo	1
ACACCGGTCTAACGGT-1	9.5	invivo	1
ACCTTTACAGGGCATA-1	9.5	invivo	1
ACGAGCCCAAGCGTAG-1	9.5	invivo	1
ACGATGTAGTGTTTGC-1	9.5	invivo	1
ACGGAGAGTCTAGTCA-1	9.5	invivo	1
AGATCTGAGCCAGAAC-1	9.5	invivo	1
AGCGGTCTCCTTTACA-1	9.5	invivo	1
AGCTCCTCAGTTAACC-1	9.5	invivo	1
AGCTCTCCAGTGAGTG-1	9.5	invivo	1
AGGCCGTCACTTGGAT-1	9.5	invivo	1
AGGCCGTCATGTTCCC-1	9.5	invivo	1
AGTAGTCGTATAGTAG-1	9.5	invivo	1
ATAACGCTCTCTTATG-1	9.5	invivo	1
ATAAGAGGTGACCAAG-1	9.5	invivo	1
ATCCACCGTCATGCAT-1	9.5	invivo	1
ATGCGATAGACGCAAC-1	9.5	invivo	1
ATTGGACCATGTCGAT-1	9.5	invivo	1
ATTTCTGGTAAGTTCC-1	9.5	invivo	1
CAAGAAAAGCTAGTTC-1	9.5	invivo	1
CACAAACTCCGTCATC-1	9.5	invivo	1
CACACTCGTTAGAACA-1	9.5	invivo	1
CACATTTCATGCCACG-1	9.5	invivo	1
CACCAGGTCGAACTGT-1	9.5	invivo	1
CAGAATCAGGCGCTCT-1	9.5	invivo	1
CCATTCGAGTAATCCC-1	9.5	invivo	1
CCATTCGCAATCACAC-1	9.5	invivo	1
CCCATACAGTAGGCCA-1	9.5	invivo	1
CCTAAAGAGAGTGACC-1	9.5	invivo	1
CCTTACGGTGAACCTT-1	9.5	invivo	1
CGAGAAGAGCCGCCTA-1	9.5	invivo	1
CGATGGCAGCCGATTT-1	9.5	invivo	1
CGGACACCAATAGCAA-1	9.5	invivo	1
CTCGAGGCACATAACC-1	9.5	invivo	1
CTCGGAGAGATAGCAT-1	9.5	invivo	1
CTCGGAGGTTAGAACA-1	9.5	invivo	1
CTGGTCTGTAGATTAG-1	9.5	invivo	1
CTGTGCTTCCCATTTA-1	9.5	invivo	1
CTGTTTACACATCCAA-1	9.5	invivo	1
CTGTTTAGTACCTACA-1	9.5	invivo	1
CTTACCGGTGTGCGTC-1	9.5	invivo	1
CTTACCGGTTCCAACA-1	9.5	invivo	1
CTTCTCTGTTCCATGA-1	9.5	invivo	1
GAAACTCTCACGATGT-1	9.5	invivo	1
GAACGGAGTTAAAGAC-1	9.5	invivo	1
GAATAAGTCAGCAACT-1	9.5	invivo	1
GACCTGGTCCGTCAAA-1	9.5	invivo	1
GACGCGTGTCCGAGTC-1	9.5	invivo	1
GACTAACAGGCGCTCT-1	9.5	invivo	1
GATCGCGCACGACGAA-1	9.5	invivo	1
GCGAGAAAGGAGTTTA-1	9.5	invivo	1
GCTGCGATCGTCTGAA-1	9.5	invivo	1
GCTTGAAAGGGTCGAT-1	9.5	invivo	1
GGAAAGCAGGACACCA-1	9.5	invivo	1
GGACAGACATGTTGAC-1	9.5	invivo	1
GGACGTCAGCTAGTTC-1	9.5	invivo	1
GGCCGATCAATCACAC-1	9.5	invivo	1
GTAACTGCACCTATCC-1	9.5	invivo	1
GTAGGCCTCCGCATAA-1	9.5	invivo	1
GTATCTTCACGACGAA-1	9.5	invivo	1
GTCATTTCACGGCCAT-1	9.5	invivo	1
GTGCAGCAGAGCTTCT-1	9.5	invivo	1
GTGTGCGCATTACGAC-1	9.5	invivo	1
GTTACAGGTGAGGCTA-1	9.5	invivo	1
GTTCTCGAGGACCACA-1	9.5	invivo	1
GTTTCTATCCCTAATT-1	9.5	invivo	1
TACCTTACAAATACAG-1	9.5	invivo	1
TACTTACTCTAACTTC-1	9.5	invivo	1
TATCTCAGTCTAGAGG-1	9.5	invivo	1
TATTACCAGCGCTTAT-1	9.5	invivo	1
TCAATCTTCTGCGGCA-1	9.5	invivo	1
TCGGTAAAGCGTAGTG-1	9.5	invivo	1
TGAGCCGAGGCCCTCA-1	9.5	invivo	1
TGCACCTGTCCAGTGC-1	9.5	invivo	1
TGCACCTTCACCCGAG-1	9.5	invivo	1
TGCCAAAAGAGCTATA-1	9.5	invivo	1
TGCGCAGAGAAACCTA-1	9.5	invivo	1
TGCGTGGCATTCTCAT-1	9.5	invivo	1
TGGACGCAGACTGGGT-1	9.5	invivo	1
TTATGCTAGTGCTGCC-1	9.5	invivo	1
TTCGAAGCATGCATGT-1	9.5	invivo	1
TTCGGTCCATCTCGCT-1	9.5	invivo	1
TTTATGCTCGAACTGT-1	9.5	invivo	1
AAACCTGAGCGCCTTG-2	9.5	invivo	2
AAATGCCAGATCTGAA-2	9.5	invivo	2
AACTGGTGTTGTGGCC-2	9.5	invivo	2
AACTTTCTCGTAGGAG-2	9.5	invivo	2
AACTTTCTCTTACCTA-2	9.5	invivo	2
AAGGTTCAGCCAGTAG-2	9.5	invivo	2
ACATCAGTCCAAGCCG-2	9.5	invivo	2
ACCGTAATCCGAACGC-2	9.5	invivo	2
ACGAGCCTCTCTAAGG-2	9.5	invivo	2
ACGCCAGCATAGTAAG-2	9.5	invivo	2
ACGCCGAGTGAGGCTA-2	9.5	invivo	2
ACTATCTCAGCCAATT-2	9.5	invivo	2
ACTGAGTTCGACGGAA-2	9.5	invivo	2
ACTGCTCAGATGGCGT-2	9.5	invivo	2
ACTTGTTGTGACGCCT-2	9.5	invivo	2
AGCAGCCAGAGTGACC-2	9.5	invivo	2
AGCATACAGTTACGGG-2	9.5	invivo	2
AGCGGTCGTGAAATCA-2	9.5	invivo	2
AGGCCACCACGGCTAC-2	9.5	invivo	2
AGGCCGTAGCCAGTTT-2	9.5	invivo	2
AGGGAGTGTTTGTTTC-2	9.5	invivo	2
AGGGTGAGTAAACCTC-2	9.5	invivo	2
ATAAGAGGTCGCTTCT-2	9.5	invivo	2
ATCGAGTGTTTGACTG-2	9.5	invivo	2
ATCGAGTTCAAACCAC-2	9.5	invivo	2
ATTCTACGTCTAGAGG-2	9.5	invivo	2
ATTGGACAGCACCGCT-2	9.5	invivo	2
CAGCATAGTCCGACGT-2	9.5	invivo	2
CAGCCGAAGAGCCCAA-2	9.5	invivo	2
CAGCTGGAGTGGTAGC-2	9.5	invivo	2
CAGTAACAGCGATATA-2	9.5	invivo	2
CATCAGAAGCTTCGCG-2	9.5	invivo	2
CATGACAAGTCTCGGC-2	9.5	invivo	2
CATGACATCTTGCCGT-2	9.5	invivo	2
CATGCCTGTTCGTCTC-2	9.5	invivo	2
CCGTTCAGTCGTGGCT-2	9.5	invivo	2
CCTAGCTGTAAGGATT-2	9.5	invivo	2
CGAACATAGACTAGAT-2	9.5	invivo	2
CGAATGTAGATCTGCT-2	9.5	invivo	2
CGACCTTGTACCAGTT-2	9.5	invivo	2
CGAGCACCATGCCCGA-2	9.5	invivo	2
CGAGCACTCTCGTATT-2	9.5	invivo	2
CGATCGGCAGCTCGAC-2	9.5	invivo	2
CGATTGACAATCTGCA-2	9.5	invivo	2
CGCGGTAGTAGCACGA-2	9.5	invivo	2
CGCTATCGTCCGAGTC-2	9.5	invivo	2
CGCTTCAAGCTCCTTC-2	9.5	invivo	2
CGGACGTCAAAGCGGT-2	9.5	invivo	2
CGTAGGCAGTACGTAA-2	9.5	invivo	2
CGTCACTAGGGAACGG-2	9.5	invivo	2
CGTGAGCAGAGGGCTT-2	9.5	invivo	2
CGTGTCTGTTCACGGC-2	9.5	invivo	2
CTCACACTCGCCTGAG-2	9.5	invivo	2
CTCCTAGTCCGCGGTA-2	9.5	invivo	2
CTCGTACCAGGGTTAG-2	9.5	invivo	2
CTCGTCAAGGGCTTGA-2	9.5	invivo	2
CTCTACGCAGATGGCA-2	9.5	invivo	2
CTGAAGTAGATCGGGT-2	9.5	invivo	2
CTGATAGAGATGTGTA-2	9.5	invivo	2
CTGATCCAGGCCGAAT-2	9.5	invivo	2
CTTAACTAGGTCGGAT-2	9.5	invivo	2
GAACATCCATCGATTG-2	9.5	invivo	2
GAAGCAGTCTCTAGGA-2	9.5	invivo	2
GACACGCCAAGCGAGT-2	9.5	invivo	2
GACGCGTCATATACGC-2	9.5	invivo	2
GACGTGCCATCGATTG-2	9.5	invivo	2
GACGTTATCTACGAGT-2	9.5	invivo	2
GAGGTGACACCTCGTT-2	9.5	invivo	2
GATCGATAGGCAGGTT-2	9.5	invivo	2
GATCGATTCCGAACGC-2	9.5	invivo	2
GCAAACTTCTATCCTA-2	9.5	invivo	2
GCAATCAAGATCTGCT-2	9.5	invivo	2
GCACTCTGTCTCACCT-2	9.5	invivo	2
GCAGCCAAGCGATCCC-2	9.5	invivo	2
GGACATTAGATGCCAG-2	9.5	invivo	2
GGAGCAAAGAAGGACA-2	9.5	invivo	2
GGATTACTCACTTACT-2	9.5	invivo	2
GGCGACTTCATCTGTT-2	9.5	invivo	2
GGGAATGAGTACTTGC-2	9.5	invivo	2
GGGACCTGTTCATGGT-2	9.5	invivo	2
GGGCACTAGGTGATTA-2	9.5	invivo	2
GGGCACTAGTAGGTGC-2	9.5	invivo	2
GGGTCTGTCCAAGCCG-2	9.5	invivo	2
GGTGCGTAGGTGTGGT-2	9.5	invivo	2
GGTGCGTGTGTTAAGA-2	9.5	invivo	2
GTACGTATCTACCAGA-2	9.5	invivo	2
GTCAAGTTCAGGTAAA-2	9.5	invivo	2
GTGCATAAGGGATCTG-2	9.5	invivo	2
GTGCTTCGTCATATGC-2	9.5	invivo	2
GTGTGCGGTTACGGAG-2	9.5	invivo	2
GTGTGCGGTTCAGACT-2	9.5	invivo	2
GTTCTCGCAGGGAGAG-2	9.5	invivo	2
TAAGAGATCCGTTGTC-2	9.5	invivo	2
TAAGCGTGTGATGCCC-2	9.5	invivo	2
TAAGCGTGTTGCCTCT-2	9.5	invivo	2
TACACGATCATGGTCA-2	9.5	invivo	2
TACAGTGCACGTAAGG-2	9.5	invivo	2
TACGGTAGTGCACGAA-2	9.5	invivo	2
TAGACCACATGAACCT-2	9.5	invivo	2
TAGGCATAGACGCTTT-2	9.5	invivo	2
TCAGCAACAGGTTTCA-2	9.5	invivo	2
TCGGGACGTTCAGACT-2	9.5	invivo	2
TCGTAGAAGCCACTAT-2	9.5	invivo	2
TCTTTCCCAAGCTGAG-2	9.5	invivo	2
TGAAAGAGTGGTTTCA-2	9.5	invivo	2
TGACTAGGTGAAAGAG-2	9.5	invivo	2
TGCCCATCACGACGAA-2	9.5	invivo	2
TGCCCATGTTACAGAA-2	9.5	invivo	2
TGCGCAGGTACAAGTA-2	9.5	invivo	2
TGGTTCCCAGGGTTAG-2	9.5	invivo	2
TGTATTCTCGTTTAGG-2	9.5	invivo	2
TGTGTTTCAAGGGTCA-2	9.5	invivo	2
TTATGCTTCATTGCGA-2	9.5	invivo	2
TTGACTTGTAGGAGTC-2	9.5	invivo	2
TTGGCAACATTGGCGC-2	9.5	invivo	2
TTTATGCTCCAAAGTC-2	9.5	invivo	2
TTTCCTCGTGTGGCTC-2	9.5	invivo	2
TTTGCGCTCGGTCCGA-2	9.5	invivo	2
TTTGTCATCAATAAGG-2	9.5	invivo	2
AAACCTGAGTCCTCCT-3	10.5	invivo	1
AAAGATGGTATGAATG-3	10.5	invivo	1
AACACGTAGGTGCAAC-3	10.5	invivo	1
AAGCCGCGTGTGACGA-3	10.5	invivo	1
AAGGCAGTCCTTGACC-3	10.5	invivo	1
ACCAGTAGTCGACTAT-3	10.5	invivo	1
ACCGTAAAGGATGCGT-3	10.5	invivo	1
ACGCCGACACGAAACG-3	10.5	invivo	1
ACGGCCACATAACCTG-3	10.5	invivo	1
ACGGGTCAGGATGTAT-3	10.5	invivo	1
ACTGAGTAGCCATCGC-3	10.5	invivo	1
ACTGAGTAGCTCTCGG-3	10.5	invivo	1
AGAATAGGTCTCCACT-3	10.5	invivo	1
AGACGTTTCGTAGATC-3	10.5	invivo	1
AGCTTGATCGTCCGTT-3	10.5	invivo	1
AGGCCACAGTCGTACT-3	10.5	invivo	1
AGGGATGTCCCTAATT-3	10.5	invivo	1
AGTAGTCCAGGCAGTA-3	10.5	invivo	1
AGTCTTTCATGGTAGG-3	10.5	invivo	1
AGTGTCAGTTACCAGT-3	10.5	invivo	1
AGTTGGTTCGCGTAGC-3	10.5	invivo	1
ATCATCTTCCAAAGTC-3	10.5	invivo	1
ATCCACCCACTCAGGC-3	10.5	invivo	1
ATCCACCTCGTTTGCC-3	10.5	invivo	1
ATGAGGGAGGATGTAT-3	10.5	invivo	1
ATTGGACGTCGCATAT-3	10.5	invivo	1
CAACCAAAGCTAGCCC-3	10.5	invivo	1
CAACCTCGTTGGTGGA-3	10.5	invivo	1
CAAGAAATCATCTGCC-3	10.5	invivo	1
CAAGGCCGTCAAACTC-3	10.5	invivo	1
CACTCCACACTATCTT-3	10.5	invivo	1
CAGAATCAGCCCAATT-3	10.5	invivo	1
CAGGTGCGTCAGGACA-3	10.5	invivo	1
CAGGTGCTCTGAGTGT-3	10.5	invivo	1
CATATGGGTGCTTCTC-3	10.5	invivo	1
CATCGAAGTATCGCAT-3	10.5	invivo	1
CATGGCGTCTACCAGA-3	10.5	invivo	1
CCAATCCCAATGGAAT-3	10.5	invivo	1
CCACTACGTTCGCGAC-3	10.5	invivo	1
CCGGTAGGTGATGTCT-3	10.5	invivo	1
CCTTCCCTCGGCTACG-3	10.5	invivo	1
CCTTCGAAGAAGGTGA-3	10.5	invivo	1
CCTTTCTAGCCCAACC-3	10.5	invivo	1
CGAACATCATCCCACT-3	10.5	invivo	1
CGACTTCGTTGGACCC-3	10.5	invivo	1
CGAGCCAAGCTGTCTA-3	10.5	invivo	1
CGGACGTTCAAACGGG-3	10.5	invivo	1
CGGAGTCGTCACAAGG-3	10.5	invivo	1
CTACCCACAGGACGTA-3	10.5	invivo	1
CTCGTACCAGCCACCA-3	10.5	invivo	1
CTCGTACGTGCCTGTG-3	10.5	invivo	1
CTCTACGCAGTACACT-3	10.5	invivo	1
CTGAAGTAGCCACCTG-3	10.5	invivo	1
CTGATCCCAAGAAAGG-3	10.5	invivo	1
CTTCTCTGTAGCGCAA-3	10.5	invivo	1
CTTCTCTTCCTATGTT-3	10.5	invivo	1
GAATAAGGTGTGCCTG-3	10.5	invivo	1
GAATAAGGTTCGGGCT-3	10.5	invivo	1
GACAGAGCAGTAAGAT-3	10.5	invivo	1
GACTAACCATACTCTT-3	10.5	invivo	1
GACTAACTCGAGAGCA-3	10.5	invivo	1
GAGCAGATCCAAATGC-3	10.5	invivo	1
GAGTCCGGTTGGTTTG-3	10.5	invivo	1
GATCGCGTCAGTTGAC-3	10.5	invivo	1
GCGCGATGTATGCTTG-3	10.5	invivo	1
GCTGCGAAGCAATATG-3	10.5	invivo	1
GCTGCTTAGATCGGGT-3	10.5	invivo	1
GGACAAGTCTGTGCAA-3	10.5	invivo	1
GGACAGAAGGGAACGG-3	10.5	invivo	1
GGGAATGAGGCTAGGT-3	10.5	invivo	1
GTACTTTAGAAGGCCT-3	10.5	invivo	1
GTATCTTCACCTTGTC-3	10.5	invivo	1
GTCGGGTAGCCCAACC-3	10.5	invivo	1
GTCTCGTCACTGCCAG-3	10.5	invivo	1
GTGCTTCTCATCTGTT-3	10.5	invivo	1
TACACGAAGTTTAGGA-3	10.5	invivo	1
TACCTTAAGTAGATGT-3	10.5	invivo	1
TAGACCACATGCCACG-3	10.5	invivo	1
TAGACCAGTCATATCG-3	10.5	invivo	1
TCAATCTAGATACACA-3	10.5	invivo	1
TCGCGAGAGTACATGA-3	10.5	invivo	1
TCGGTAAGTAGGGTAC-3	10.5	invivo	1
TCGTAGACAAACTGCT-3	10.5	invivo	1
TCTTCGGAGCATCATC-3	10.5	invivo	1
TGAGAGGGTTTGGCGC-3	10.5	invivo	1
TGCACCTCATTAGGCT-3	10.5	invivo	1
TGCCAAAGTCGTCTTC-3	10.5	invivo	1
TGGGCGTCATGGATGG-3	10.5	invivo	1
TGGTTAGCAGATAATG-3	10.5	invivo	1
TTATGCTGTCTCTCTG-3	10.5	invivo	1
TTCGAAGGTAGCCTAT-3	10.5	invivo	1
TTGAACGTCCCGGATG-3	10.5	invivo	1
TTTGGTTTCGGACAAG-3	10.5	invivo	1
AAACCTGCACCAGGCT-12	10.5	invivo	2
AACCGCGCACAGGCCT-12	10.5	invivo	2
AAGACCTAGCCCAATT-12	10.5	invivo	2
ACACCAACACTGTTAG-12	10.5	invivo	2
ACATCAGCAAGCCCAC-12	10.5	invivo	2
ACCGTAATCGGTCCGA-12	10.5	invivo	2
ACGCCGACAAGTAGTA-12	10.5	invivo	2
ACGTCAAAGTATTGGA-12	10.5	invivo	2
ACGTCAATCAACACGT-12	10.5	invivo	2
ACTTTCAGTATAGGGC-12	10.5	invivo	2
AGACGTTCAGATGAGC-12	10.5	invivo	2
AGATCTGTCTCGATGA-12	10.5	invivo	2
AGTTGGTAGAATGTGT-12	10.5	invivo	2
ATCATGGTCACCAGGC-12	10.5	invivo	2
ATGAGGGTCATTATCC-12	10.5	invivo	2
ATTATCCAGTGTCTCA-12	10.5	invivo	2
ATTATCCGTCGCATAT-12	10.5	invivo	2
CAACTAGTCGTTTAGG-12	10.5	invivo	2
CAAGATCTCGGAAACG-12	10.5	invivo	2
CACACTCAGCTAAACA-12	10.5	invivo	2
CACATTTGTGAGGGTT-12	10.5	invivo	2
CAGCTAAGTTCAGCGC-12	10.5	invivo	2
CATCGGGCACATTTCT-12	10.5	invivo	2
CATGGCGCAGTTCATG-12	10.5	invivo	2
CATTATCTCAATCACG-12	10.5	invivo	2
CCTCAGTGTTCGTTGA-12	10.5	invivo	2
CCTTCCCCACTAAGTC-12	10.5	invivo	2
CGATGTAAGCCACTAT-12	10.5	invivo	2
CGCGGTAAGCGGATCA-12	10.5	invivo	2
CGCTATCGTAAACACA-12	10.5	invivo	2
CGCTATCGTCAGAATA-12	10.5	invivo	2
CGCTTCAAGTTAGCGG-12	10.5	invivo	2
CGTAGCGCAGTCCTTC-12	10.5	invivo	2
CGTGAGCCATGTCCTC-12	10.5	invivo	2
CTAATGGAGCGACGTA-12	10.5	invivo	2
CTACATTTCCGTAGGC-12	10.5	invivo	2
CTCACACTCTTAACCT-12	10.5	invivo	2
CTCGAAACACTTCTGC-12	10.5	invivo	2
CTGATCCCATGTAGTC-12	10.5	invivo	2
CTTAACTTCCATGCTC-12	10.5	invivo	2
GAAACTCAGAAACGAG-12	10.5	invivo	2
GAACATCGTAAGTGGC-12	10.5	invivo	2
GAAGCAGCATTGGGCC-12	10.5	invivo	2
GACGCGTCAATGGTCT-12	10.5	invivo	2
GAGTCCGAGTGTGAAT-12	10.5	invivo	2
GATGAAAAGAGCCTAG-12	10.5	invivo	2
GCAAACTTCTAACTGG-12	10.5	invivo	2
GCAGCCACATAGAAAC-12	10.5	invivo	2
GCGAGAAGTGGTACAG-12	10.5	invivo	2
GCTCTGTAGTGTACTC-12	10.5	invivo	2
GCTGCTTCAATGGTCT-12	10.5	invivo	2
GCTTGAAGTGTTCGAT-12	10.5	invivo	2
GGAATAAGTGCCTGGT-12	10.5	invivo	2
GGGCACTAGAGAGCTC-12	10.5	invivo	2
GGTGAAGTCCAATGGT-12	10.5	invivo	2
GGTGCGTGTCTCAACA-12	10.5	invivo	2
GGTGTTAAGTGACATA-12	10.5	invivo	2
GTCGTAAAGCAAATCA-12	10.5	invivo	2
GTGCTTCGTGAAATCA-12	10.5	invivo	2
GTTAAGCCACAGGCCT-12	10.5	invivo	2
TACACGATCAGGCGAA-12	10.5	invivo	2
TACTTGTCACTGAAGG-12	10.5	invivo	2
TATCTCACAACTGCGC-12	10.5	invivo	2
TCTCATATCACTATTC-12	10.5	invivo	2
TCTCATATCGGAAACG-12	10.5	invivo	2
TCTCTAAGTTCGAATC-12	10.5	invivo	2
TCTGAGACAAAGTCAA-12	10.5	invivo	2
TGACGGCTCAGGCCCA-12	10.5	invivo	2
TGCCAAAGTCTGCGGT-12	10.5	invivo	2
TGCTACCTCAAACCGT-12	10.5	invivo	2
TGCTGCTCACTGCCAG-12	10.5	invivo	2
TGGTTCCAGGACGAAA-12	10.5	invivo	2
TGTCCCAGTCGCGGTT-12	10.5	invivo	2
TTCCCAGAGAAACCTA-12	10.5	invivo	2
TTGCGTCCATTGGTAC-12	10.5	invivo	2
TTGGCAATCGTACCGG-12	10.5	invivo	2
AAATGCCCAAGCGAGT-4	11.5	invivo	1
AACGTTGGTATTAGCC-4	11.5	invivo	1
AAGGCAGGTGCACCAC-4	11.5	invivo	1
AAGTCTGGTCTTGTCC-4	11.5	invivo	1
ACACCCTGTCCTGCTT-4	11.5	invivo	1
ACATACGAGACTTGAA-4	11.5	invivo	1
ACGAGCCAGCTGCGAA-4	11.5	invivo	1
ACGATACAGTGTGGCA-4	11.5	invivo	1
ACGATGTTCACCTTAT-4	11.5	invivo	1
ACGGCCACATAGACTC-4	11.5	invivo	1
ACTGAACGTTACGACT-4	11.5	invivo	1
ACTGAACTCATACGGT-4	11.5	invivo	1
ACTGAGTAGACTACAA-4	11.5	invivo	1
ACTGAGTTCTTAGCCC-4	11.5	invivo	1
AGCGTCGAGCTGTTCA-4	11.5	invivo	1
AGCTCCTCATGACGGA-4	11.5	invivo	1
AGGCCACTCAGGCGAA-4	11.5	invivo	1
AGGGAGTAGGCATGGT-4	11.5	invivo	1
AGGTCCGTCGCTAGCG-4	11.5	invivo	1
AGTCTTTAGGCCATAG-4	11.5	invivo	1
ATAAGAGGTAGCTAAA-4	11.5	invivo	1
ATAGACCCAGCTGCTG-4	11.5	invivo	1
ATAGACCTCTTGAGGT-4	11.5	invivo	1
ATCTGCCAGCACCGCT-4	11.5	invivo	1
ATGCGATGTCTTGCGG-4	11.5	invivo	1
ATGTGTGTCCAAATGC-4	11.5	invivo	1
ATTCTACCAGCGTCCA-4	11.5	invivo	1
ATTGGACCACTCAGGC-4	11.5	invivo	1
ATTGGTGCACGAAGCA-4	11.5	invivo	1
CAAGTTGGTCTGCGGT-4	11.5	invivo	1
CACACAAAGCCCGAAA-4	11.5	invivo	1
CACACAAGTCTAAAGA-4	11.5	invivo	1
CAGAATCTCGCCGTGA-4	11.5	invivo	1
CAGAGAGCAAGGTTCT-4	11.5	invivo	1
CAGATCAGTGCAACGA-4	11.5	invivo	1
CAGCCGAAGTACTTGC-4	11.5	invivo	1
CATCGAAGTGTGCGTC-4	11.5	invivo	1
CATGCCTTCTGGTTCC-4	11.5	invivo	1
CCAGCGATCCGTAGGC-4	11.5	invivo	1
CCGTGGACACTAAGTC-4	11.5	invivo	1
CCGTTCACAGGTGCCT-4	11.5	invivo	1
CCTATTATCGCTAGCG-4	11.5	invivo	1
CCTCTGAGTAATCGTC-4	11.5	invivo	1
CGAATGTAGCCAGTTT-4	11.5	invivo	1
CGAGCCAGTCATGCCG-4	11.5	invivo	1
CGATGTAGTAAGGGCT-4	11.5	invivo	1
CGCCAAGAGCGTTGCC-4	11.5	invivo	1
CGGTTAACACACTGCG-4	11.5	invivo	1
CGTCACTTCGAGAACG-4	11.5	invivo	1
CGTCAGGAGGCTCATT-4	11.5	invivo	1
CGTCAGGTCTCTTGAT-4	11.5	invivo	1
CTAATGGCAAGTTGTC-4	11.5	invivo	1
CTACGTCCATCTCGCT-4	11.5	invivo	1
CTCACACCATGGAATA-4	11.5	invivo	1
CTCAGAATCACTTCAT-4	11.5	invivo	1
CTCATTAAGTCTTGCA-4	11.5	invivo	1
CTCATTACATCGGACC-4	11.5	invivo	1
CTCGGAGGTGAGGGTT-4	11.5	invivo	1
CTCGTACGTCTGATCA-4	11.5	invivo	1
GAATAAGTCTGTACGA-4	11.5	invivo	1
GACCTGGCACCACGTG-4	11.5	invivo	1
GACGTGCTCAACACAC-4	11.5	invivo	1
GACGTGCTCGGGAGTA-4	11.5	invivo	1
GCAAACTGTGTGCGTC-4	11.5	invivo	1
GCAATCAGTTGGGACA-4	11.5	invivo	1
GCATGCGCACGTCAGC-4	11.5	invivo	1
GCTCCTACAGCTTCGG-4	11.5	invivo	1
GGACAAGAGTGTTTGC-4	11.5	invivo	1
GGACAAGTCCGCAAGC-4	11.5	invivo	1
GGGAATGGTAGCGTAG-4	11.5	invivo	1
GGGAGATGTCCGCTGA-4	11.5	invivo	1
GGTGCGTAGACTACAA-4	11.5	invivo	1
GTACTCCCACATTCGA-4	11.5	invivo	1
GTACTTTCATGCGCAC-4	11.5	invivo	1
GTCATTTAGGGTATCG-4	11.5	invivo	1
GTCCTCAAGCGCTTAT-4	11.5	invivo	1
GTTCTCGCAGGCTGAA-4	11.5	invivo	1
TAAGTGCGTTTGTTGG-4	11.5	invivo	1
TACACGACAGCGTCCA-4	11.5	invivo	1
TACACGAGTACGACCC-4	11.5	invivo	1
TACGGGCAGCGTCTAT-4	11.5	invivo	1
TAGAGCTCAACGATGG-4	11.5	invivo	1
TATCTCACAGCGTTCG-4	11.5	invivo	1
TCAATCTCAATCCGAT-4	11.5	invivo	1
TCAGATGGTTGTGGAG-4	11.5	invivo	1
TCATTACTCGGTGTCG-4	11.5	invivo	1
TCGCGAGGTATAAACG-4	11.5	invivo	1
TCGGGACTCCTTGGTC-4	11.5	invivo	1
TCGTACCGTATAATGG-4	11.5	invivo	1
TCTATTGTCGTTGACA-4	11.5	invivo	1
TCTGAGAAGGAATTAC-4	11.5	invivo	1
TCTTCGGGTACGCTGC-4	11.5	invivo	1
TGACTTTAGGTGCACA-4	11.5	invivo	1
TGACTTTGTTACGACT-4	11.5	invivo	1
TGGCCAGTCCGTCAAA-4	11.5	invivo	1
TGGTTCCCAGACAAGC-4	11.5	invivo	1
TGGTTCCTCATTGCGA-4	11.5	invivo	1
TTATGCTCAGTAGAGC-4	11.5	invivo	1
TTCTCCTCATATGGTC-4	11.5	invivo	1
TTGGAACCAGACGCTC-4	11.5	invivo	1
AAAGTAGCAAGGTGTG-5	11.5	invivo	2
ACAGCTATCTGCAAGT-5	11.5	invivo	2
ACGATACGTTGGAGGT-5	11.5	invivo	2
ACTTGTTAGTCATGCT-5	11.5	invivo	2
ACTTGTTTCTTCGGTC-5	11.5	invivo	2
AGACGTTGTTCCGGCA-5	11.5	invivo	2
AGCATACGTTATGTGC-5	11.5	invivo	2
AGCTCTCCAGACAGGT-5	11.5	invivo	2
AGGTCATTCACAATGC-5	11.5	invivo	2
AGTGGGACACTGCCAG-5	11.5	invivo	2
ATGCGATCAGGTGCCT-5	11.5	invivo	2
CAACCTCAGGAGTCTG-5	11.5	invivo	2
CACATAGGTGGCGAAT-5	11.5	invivo	2
CACATTTCAGGTCGTC-5	11.5	invivo	2
CAGATCAGTCAGAATA-5	11.5	invivo	2
CAGCATATCTATCCTA-5	11.5	invivo	2
CAGCCGAGTTTAAGCC-5	11.5	invivo	2
CATCAGACAGTCCTTC-5	11.5	invivo	2
CATGACACAATGGTCT-5	11.5	invivo	2
CCACCTATCCTGTACC-5	11.5	invivo	2
CCCAGTTGTTCCACTC-5	11.5	invivo	2
CCGTGGAAGAAACCTA-5	11.5	invivo	2
CCTACCAGTTACTGAC-5	11.5	invivo	2
CCTAGCTCATGCCTAA-5	11.5	invivo	2
CCTAGCTCATGTCCTC-5	11.5	invivo	2
CGAATGTGTCGCGGTT-5	11.5	invivo	2
CGACTTCGTGCCTGGT-5	11.5	invivo	2
CGAGAAGAGGTGATAT-5	11.5	invivo	2
CGAGCACCAACGCACC-5	11.5	invivo	2
CGGAGCTTCCTGCTTG-5	11.5	invivo	2
CGGCTAGGTGCCTGGT-5	11.5	invivo	2
CGTCTACAGAATGTGT-5	11.5	invivo	2
CGTGAGCCATATGGTC-5	11.5	invivo	2
CTACGTCAGTAGCGGT-5	11.5	invivo	2
CTAGAGTGTCTTGTCC-5	11.5	invivo	2
CTCACACCAGCTGTAT-5	11.5	invivo	2
CTCTGGTTCAACACAC-5	11.5	invivo	2
CTTACCGCATCGTCGG-5	11.5	invivo	2
CTTAGGAGTCTCCATC-5	11.5	invivo	2
GAACGGAAGAGCCTAG-5	11.5	invivo	2
GACGTTACACCCATGG-5	11.5	invivo	2
GCCAAATGTCTGATTG-5	11.5	invivo	2
GCGACCATCTTTCCTC-5	11.5	invivo	2
GCGCCAACATTTCACT-5	11.5	invivo	2
GGGAATGCAGCTGGCT-5	11.5	invivo	2
GGGATGACATCTCCCA-5	11.5	invivo	2
GGGTCTGTCATGGTCA-5	11.5	invivo	2
GTAACGTGTCTCCATC-5	11.5	invivo	2
GTATCTTTCAAGGTAA-5	11.5	invivo	2
GTCATTTCATGCGCAC-5	11.5	invivo	2
GTCCTCACAGGCAGTA-5	11.5	invivo	2
GTGCTTCCATCCCATC-5	11.5	invivo	2
GTTACAGGTCCGCTGA-5	11.5	invivo	2
TAAGAGATCATTCACT-5	11.5	invivo	2
TACCTATAGCTAGTGG-5	11.5	invivo	2
TACCTATGTACCCAAT-5	11.5	invivo	2
TACTTACCATGCCTAA-5	11.5	invivo	2
TAGCCGGTCGGCCGAT-5	11.5	invivo	2
TAGTTGGCATACTACG-5	11.5	invivo	2
TATCTCAAGGCTCTTA-5	11.5	invivo	2
TCACGAATCACAAACC-5	11.5	invivo	2
TCAGCTCTCGTTTATC-5	11.5	invivo	2
TCAGGATTCACCTCGT-5	11.5	invivo	2
TCATTACTCTGAAAGA-5	11.5	invivo	2
TCGTACCTCGGTCTAA-5	11.5	invivo	2
TCTATTGAGGCCGAAT-5	11.5	invivo	2
TGACAACGTCGAGATG-5	11.5	invivo	2
TTCGGTCTCACTGGGC-5	11.5	invivo	2
TTCTACAAGGCTCAGA-5	11.5	invivo	2
TTCTCCTAGCACCGTC-5	11.5	invivo	2
TTGTAGGTCGTGACAT-5	11.5	invivo	2
TTTGCGCGTTCGCGAC-5	11.5	invivo	2
AACCATGGTTGGTGGA-6	12.5	invivo	1
AACGTTGAGCGACGTA-6	12.5	invivo	1
AACGTTGAGGATGGAA-6	12.5	invivo	1
AAGACCTCAATCAGAA-6	12.5	invivo	1
AAGGCAGGTAGCGTGA-6	12.5	invivo	1
AATCGGTCACACCGAC-6	12.5	invivo	1
ACAGCTATCAACCAAC-6	12.5	invivo	1
ACGAGGAAGTTACGGG-6	12.5	invivo	1
ACGGGCTCAATGAATG-6	12.5	invivo	1
ACGGGTCTCTGCAGTA-6	12.5	invivo	1
ACTGCTCAGAGCTTCT-6	12.5	invivo	1
AGAGCTTAGGTGCACA-6	12.5	invivo	1
AGCATACCATGTCGAT-6	12.5	invivo	1
AGCGGTCGTCCCTACT-6	12.5	invivo	1
AGCGTATCAGCCTATA-6	12.5	invivo	1
AGTCTTTAGCGCTTAT-6	12.5	invivo	1
ATCACGAAGCTAAGAT-6	12.5	invivo	1
ATCCACCGTACTCTCC-6	12.5	invivo	1
ATCTACTTCAGGTAAA-6	12.5	invivo	1
ATGAGGGAGACAAGCC-6	12.5	invivo	1
ATTCTACTCGCCTGAG-6	12.5	invivo	1
ATTGGTGCAAGCGAGT-6	12.5	invivo	1
ATTTCTGGTGCCTTGG-6	12.5	invivo	1
CAACCAACATCTCCCA-6	12.5	invivo	1
CAACTAGTCAGCTCTC-6	12.5	invivo	1
CAGAATCCACTTAAGC-6	12.5	invivo	1
CCACTACCACAGCGTC-6	12.5	invivo	1
CCATGTCCACTTCTGC-6	12.5	invivo	1
CCGTTCAGTACAGTTC-6	12.5	invivo	1
CCTACCACAATGGTCT-6	12.5	invivo	1
CCTCTGAGTCCTCCAT-6	12.5	invivo	1
CCTTCCCGTTTGGGCC-6	12.5	invivo	1
CGACTTCGTAGTGAAT-6	12.5	invivo	1
CGATCGGGTTAGATGA-6	12.5	invivo	1
CGGACGTCAACTGGCC-6	12.5	invivo	1
CGGACTGCACGGACAA-6	12.5	invivo	1
CGGTTAAAGACTAAGT-6	12.5	invivo	1
CGTCACTGTCACTGGC-6	12.5	invivo	1
CTAATGGCATCAGTCA-6	12.5	invivo	1
CTACATTTCTAGCACA-6	12.5	invivo	1
CTACGTCAGGGAACGG-6	12.5	invivo	1
CTAGTGAGTCTCTTAT-6	12.5	invivo	1
CTCAGAAAGGCAGGTT-6	12.5	invivo	1
CTCATTAGTTTAAGCC-6	12.5	invivo	1
CTCCTAGAGCGATATA-6	12.5	invivo	1
CTCCTAGGTAAACGCG-6	12.5	invivo	1
CTCGAAACAGTATAAG-6	12.5	invivo	1
CTCGAGGCATCTGGTA-6	12.5	invivo	1
CTGAAGTAGCTAGTCT-6	12.5	invivo	1
GACAGAGTCACCCGAG-6	12.5	invivo	1
GACGTTACACAACGTT-6	12.5	invivo	1
GACTGCGAGACAATAC-6	12.5	invivo	1
GATCGATAGTTTAGGA-6	12.5	invivo	1
GATCTAGCAGTATAAG-6	12.5	invivo	1
GATGCTACAAGAGTCG-6	12.5	invivo	1
GCATGTATCTGCAAGT-6	12.5	invivo	1
GCGCAGTAGCGGCTTC-6	12.5	invivo	1
GCGGGTTGTCGTGGCT-6	12.5	invivo	1
GGACAGAGTGTTCTTT-6	12.5	invivo	1
GGATGTTGTCTCCACT-6	12.5	invivo	1
GGGAGATTCCTTAATC-6	12.5	invivo	1
GTAGGCCAGGCCCGTT-6	12.5	invivo	1
GTAGGCCCAAACTGCT-6	12.5	invivo	1
GTCCTCAGTCTAGGTT-6	12.5	invivo	1
GTGCAGCTCCAAACAC-6	12.5	invivo	1
GTGTGCGCATCGATGT-6	12.5	invivo	1
GTGTTAGGTTGTTTGG-6	12.5	invivo	1
GTTTCTATCAAACCAC-6	12.5	invivo	1
TAAGAGAAGTGACATA-6	12.5	invivo	1
TACTTACAGATCGATA-6	12.5	invivo	1
TAGACCACACTCAGGC-6	12.5	invivo	1
TAGAGCTCACATGTGT-6	12.5	invivo	1
TAGAGCTTCTGCAAGT-6	12.5	invivo	1
TAGTTGGAGACTAGAT-6	12.5	invivo	1
TCAGCAACATCTACGA-6	12.5	invivo	1
TCAGGATTCCCTCAGT-6	12.5	invivo	1
TCATTTGAGCGCCTTG-6	12.5	invivo	1
TCCACACAGAGATGAG-6	12.5	invivo	1
TCGGGACGTCCATCCT-6	12.5	invivo	1
TCGTAGACAGTCGTGC-6	12.5	invivo	1
TCTGAGACATTATCTC-6	12.5	invivo	1
TCTTCGGAGTCTTGCA-6	12.5	invivo	1
TGAAAGAAGGAATCGC-6	12.5	invivo	1
TGACTTTCAAGGCTCC-6	12.5	invivo	1
TGAGCCGTCGGATGTT-6	12.5	invivo	1
TGATTTCAGACAGAGA-6	12.5	invivo	1
TGATTTCTCGTCGTTC-6	12.5	invivo	1
TGCGCAGTCTACTTAC-6	12.5	invivo	1
TGCGCAGTCTCTTGAT-6	12.5	invivo	1
TGCGTGGAGATAGCAT-6	12.5	invivo	1
TGTCCCACACGACTCG-6	12.5	invivo	1
TGTGGTAGTCTGATCA-6	12.5	invivo	1
TTGAACGGTACTTAGC-6	12.5	invivo	1
TTGGAACCACTATCTT-6	12.5	invivo	1
TTGTAGGCAACACGCC-6	12.5	invivo	1
TTTACTGGTCCTCTTG-6	12.5	invivo	1
TTTCCTCTCTGCTGTC-6	12.5	invivo	1
TTTGTCAGTGACAAAT-6	12.5	invivo	1
TTTGTCATCCTCAATT-6	12.5	invivo	1
AAATGCCTCTTCTGGC-8	12.5	invivo	2
AACCGCGGTCAGAATA-8	12.5	invivo	2
AAGCCGCCACCAGTTA-8	12.5	invivo	2
AAGTCTGTCTTAGAGC-8	12.5	invivo	2
ACACCAAAGTGCGATG-8	12.5	invivo	2
ACATCAGCATGCCTTC-8	12.5	invivo	2
ACCCACTCAACTGCGC-8	12.5	invivo	2
ACGGCCAGTACCGTAT-8	12.5	invivo	2
ACTGCTCAGCAGCGTA-8	12.5	invivo	2
ACTTTCAAGTGTGGCA-8	12.5	invivo	2
AGAGCGACAACACCCG-8	12.5	invivo	2
AGTGAGGTCGTTGCCT-8	12.5	invivo	2
ATCTACTCAGCTGTTA-8	12.5	invivo	2
ATGAGGGCAATCCAAC-8	12.5	invivo	2
ATGAGGGTCGTTGCCT-8	12.5	invivo	2
ATTGGTGCAGTAACGG-8	12.5	invivo	2
ATTTCTGCAGATGGGT-8	12.5	invivo	2
CACACAACACCAGGTC-8	12.5	invivo	2
CATGACATCTGATACG-8	12.5	invivo	2
CCTCTGAAGTGGCACA-8	12.5	invivo	2
CGAATGTAGATCTGCT-8	12.5	invivo	2
CGACCTTGTCGACTAT-8	12.5	invivo	2
CGATGGCGTTCACCTC-8	12.5	invivo	2
CGATGTACATGGTAGG-8	12.5	invivo	2
CGGAGCTAGTCATCCA-8	12.5	invivo	2
CTCTGGTCACATAACC-8	12.5	invivo	2
CTGATCCGTCGCATAT-8	12.5	invivo	2
CTGATCCTCAGCCTAA-8	12.5	invivo	2
CTGCCTATCCTGCTTG-8	12.5	invivo	2
CTTAGGATCCAGGGCT-8	12.5	invivo	2
CTTTGCGCATGCAATC-8	12.5	invivo	2
GAAACTCAGGTGCTAG-8	12.5	invivo	2
GAGGTGAGTGCACTTA-8	12.5	invivo	2
GATCAGTCATGCCACG-8	12.5	invivo	2
GATCAGTGTTTGGCGC-8	12.5	invivo	2
GATCGCGGTTGCCTCT-8	12.5	invivo	2
GATCTAGGTCATTAGC-8	12.5	invivo	2
GCATGCGCAGACGTAG-8	12.5	invivo	2
GCATGCGTCCGAATGT-8	12.5	invivo	2
GCCTCTAGTCTAGGTT-8	12.5	invivo	2
GCGACCATCCATGAGT-8	12.5	invivo	2
GCGAGAAGTCTAGTGT-8	12.5	invivo	2
GCGCAACAGGTGCTTT-8	12.5	invivo	2
GCGCAGTGTTCTGAAC-8	12.5	invivo	2
GCTGGGTCATTAGGCT-8	12.5	invivo	2
GCTTGAAAGACAGAGA-8	12.5	invivo	2
GGACAGAGTATCACCA-8	12.5	invivo	2
GGACATTGTTACGCGC-8	12.5	invivo	2
GGATTACCAAAGCGGT-8	12.5	invivo	2
GGCGTGTTCTCGCATC-8	12.5	invivo	2
GGGTTGCGTTAGAACA-8	12.5	invivo	2
GTCGGGTGTTCAGTAC-8	12.5	invivo	2
GTCTTCGTCCCACTTG-8	12.5	invivo	2
GTTAAGCGTAGCAAAT-8	12.5	invivo	2
GTTCATTTCTTGTCAT-8	12.5	invivo	2
TAAGAGAGTCGGCACT-8	12.5	invivo	2
TACCTTACATCGATGT-8	12.5	invivo	2
TAGCCGGCATTAGGCT-8	12.5	invivo	2
TCAGATGTCTGCGGCA-8	12.5	invivo	2
TCTCATATCCATGAGT-8	12.5	invivo	2
TCTGGAACAAGTACCT-8	12.5	invivo	2
TCTGGAACAGTAAGCG-8	12.5	invivo	2
TGCGGGTCATCATCCC-8	12.5	invivo	2
TGCTACCTCGAACTGT-8	12.5	invivo	2
TGGTTAGCAGGGCATA-8	12.5	invivo	2
TGTGGTATCCACGTGG-8	12.5	invivo	2
TTCGAAGTCCGCTGTT-8	12.5	invivo	2
TTCTCAAGTATGAATG-8	12.5	invivo	2
TTCTCAATCTAACCGA-8	12.5	invivo	2
TTCTCCTAGTTACGGG-8	12.5	invivo	2
AAAGTAGGTAACGCGA-9	12.5	invivo	3
AACGTTGTCCAACCAA-9	12.5	invivo	3
ACCAGTAGTCGCATAT-9	12.5	invivo	3
ACCCACTGTAGCCTAT-9	12.5	invivo	3
ACGAGCCAGGCTAGCA-9	12.5	invivo	3
ACGGGTCTCACCCTCA-9	12.5	invivo	3
ACTATCTTCAAAGTAG-9	12.5	invivo	3
AGCTCCTAGGATCGCA-9	12.5	invivo	3
CACACCTGTATTCTCT-9	12.5	invivo	3
CACATTTTCAGCTGGC-9	12.5	invivo	3
CACCAGGAGTACGACG-9	12.5	invivo	3
CACCTTGAGACCCACC-9	12.5	invivo	3
CAGATCAAGCAATATG-9	12.5	invivo	3
CAGCCGAGTCACACGC-9	12.5	invivo	3
CCCAATCTCGTGTAGT-9	12.5	invivo	3
CCGGTAGAGTGAACAT-9	12.5	invivo	3
CCGGTAGCAAGTAATG-9	12.5	invivo	3
CCGGTAGCACGTCTCT-9	12.5	invivo	3
CCTACCATCGCGTTTC-9	12.5	invivo	3
CCTTACGGTGTGACCC-9	12.5	invivo	3
CGACCTTGTCCGACGT-9	12.5	invivo	3
CGAGAAGTCTAGCACA-9	12.5	invivo	3
CGATTGACATCCGGGT-9	12.5	invivo	3
CGGGTCAAGGCATGGT-9	12.5	invivo	3
CGTTAGAAGCGATTCT-9	12.5	invivo	3
CGTTAGAGTCGAGATG-9	12.5	invivo	3
CTCCTAGAGACCACGA-9	12.5	invivo	3
CTCTACGTCGTTGCCT-9	12.5	invivo	3
CTCTGGTAGCAGACTG-9	12.5	invivo	3
GACGCGTAGCGACGTA-9	12.5	invivo	3
GACGCGTGTTTAAGCC-9	12.5	invivo	3
GAGCAGATCATGCATG-9	12.5	invivo	3
GATGCTATCGTACCGG-9	12.5	invivo	3
GCTGCAGAGTTACGGG-9	12.5	invivo	3
GCTTGAATCCAGTAGT-9	12.5	invivo	3
GGACATTGTAAGCACG-9	12.5	invivo	3
GGCAATTTCAGTCCCT-9	12.5	invivo	3
GGTGCGTTCAAGAAGT-9	12.5	invivo	3
GTAACGTAGTACGTTC-9	12.5	invivo	3
GTACTCCGTCGTTGTA-9	12.5	invivo	3
GTCATTTAGACAGGCT-9	12.5	invivo	3
GTTCGGGAGTCGAGTG-9	12.5	invivo	3
TACCTATCAGCTGTTA-9	12.5	invivo	3
TACGGGCCATCCAACA-9	12.5	invivo	3
TATTACCGTGCAACTT-9	12.5	invivo	3
TCAATCTCAACACCTA-9	12.5	invivo	3
TCAGGATAGGAGCGTT-9	12.5	invivo	3
TCTCTAATCTGCTGTC-9	12.5	invivo	3
TGAAAGAGTTCCACAA-9	12.5	invivo	3
TGAGAGGCACTGCCAG-9	12.5	invivo	3
TGAGCCGCAAGGTTTC-9	12.5	invivo	3
TGCCAAATCCTCATTA-9	12.5	invivo	3
TGCCCATCACTAGTAC-9	12.5	invivo	3
TGCGGGTTCAGTCCCT-9	12.5	invivo	3
TGGGCGTCATCCCATC-9	12.5	invivo	3
TGTGGTATCTTAGAGC-9	12.5	invivo	3
TTCTACAGTTCATGGT-9	12.5	invivo	3
TTCTCAACATCCAACA-9	12.5	invivo	3
TTTACTGAGGCAGTCA-9	12.5	invivo	3
TTTCCTCTCGCAAGCC-9	12.5	invivo	3
AAACCTGGTCTCTCTG-7	13.5	invivo	1
AACACGTTCAAAGACA-7	13.5	invivo	1
AACCATGCAAGCCATT-7	13.5	invivo	1
AACCGCGGTCACTTCC-7	13.5	invivo	1
ACATACGAGATATGGT-7	13.5	invivo	1
ACATGGTCATGGAATA-7	13.5	invivo	1
ACATGGTGTGTCCTCT-7	13.5	invivo	1
ACATGGTGTTTAAGCC-7	13.5	invivo	1
ACTGCTCAGCGTAGTG-7	13.5	invivo	1
ACTGTCCAGATAGGAG-7	13.5	invivo	1
ACTTACTCAATTCCTT-7	13.5	invivo	1
AGAGCGATCTAAGCCA-7	13.5	invivo	1
AGGCCACCATGCAATC-7	13.5	invivo	1
AGGCCGTTCGTAGGAG-7	13.5	invivo	1
AGGGTGAGTGAGCGAT-7	13.5	invivo	1
AGGTCCGTCCGTACAA-7	13.5	invivo	1
ATAACGCGTACCGGCT-7	13.5	invivo	1
ATCCGAATCGAACTGT-7	13.5	invivo	1
ATGGGAGTCGCAAGCC-7	13.5	invivo	1
ATTATCCCATACTACG-7	13.5	invivo	1
CACAAACTCGCGGATC-7	13.5	invivo	1
CAGATCACAGGGAGAG-7	13.5	invivo	1
CAGCATAAGGACAGAA-7	13.5	invivo	1
CAGCTGGGTTCATGGT-7	13.5	invivo	1
CATGCCTAGTTACCCA-7	13.5	invivo	1
CATTCGCCATCACAAC-7	13.5	invivo	1
CCACCTATCGAACGGA-7	13.5	invivo	1
CCATGTCAGGCCATAG-7	13.5	invivo	1
CCCAATCCACATTTCT-7	13.5	invivo	1
CCCAGTTTCGTACCGG-7	13.5	invivo	1
CCTAAAGTCTGTCAAG-7	13.5	invivo	1
CCTACACTCCGCATAA-7	13.5	invivo	1
CGTAGCGGTGAAGGCT-7	13.5	invivo	1
CGTGTCTCAAACCTAC-7	13.5	invivo	1
CGTTCTGAGGGTCTCC-7	13.5	invivo	1
CTACCCATCTTATCTG-7	13.5	invivo	1
CTCAGAATCTGAAAGA-7	13.5	invivo	1
CTCATTACATAACCTG-7	13.5	invivo	1
CTCATTAGTATTCGTG-7	13.5	invivo	1
CTCTGGTGTAAATGAC-7	13.5	invivo	1
CTGCGGAAGAAGGTGA-7	13.5	invivo	1
CTGCTGTCACTTCGAA-7	13.5	invivo	1
CTGGTCTGTGCACCAC-7	13.5	invivo	1
CTTAGGATCCCGACTT-7	13.5	invivo	1
CTTCTCTTCAAAGACA-7	13.5	invivo	1
GAAACTCTCAGCTCGG-7	13.5	invivo	1
GAAGCAGGTTTACTCT-7	13.5	invivo	1
GACGTTAAGTGGGATC-7	13.5	invivo	1
GACTGCGGTTGCTCCT-7	13.5	invivo	1
GATCGCGGTACCTACA-7	13.5	invivo	1
GATGAGGGTGATGTGG-7	13.5	invivo	1
GCACATATCTGGGCCA-7	13.5	invivo	1
GCAGTTAAGCGCCTTG-7	13.5	invivo	1
GCATACAAGGACAGCT-7	13.5	invivo	1
GCATGCGAGACTACAA-7	13.5	invivo	1
GCATGCGCACATTCGA-7	13.5	invivo	1
GCCAAATTCAACACAC-7	13.5	invivo	1
GCGAGAAAGATCACGG-7	13.5	invivo	1
GCGCCAAAGTGTACTC-7	13.5	invivo	1
GCTCCTATCCCAGGTG-7	13.5	invivo	1
GGAAAGCCACAAGCCC-7	13.5	invivo	1
GGATTACAGTCTCCTC-7	13.5	invivo	1
GGGAATGAGTTCGCGC-7	13.5	invivo	1
GGGAGATTCTTTAGTC-7	13.5	invivo	1
GGGATGACACGCGAAA-7	13.5	invivo	1
GGGCACTTCAGAAATG-7	13.5	invivo	1
GGTGAAGTCTTGTATC-7	13.5	invivo	1
GTAACGTAGCCATCGC-7	13.5	invivo	1
GTATTCTAGAACTGTA-7	13.5	invivo	1
GTCACGGCATGGATGG-7	13.5	invivo	1
GTGTGCGAGCACGCCT-7	13.5	invivo	1
GTTTCTACACGCGAAA-7	13.5	invivo	1
TACACGACAACCGCCA-7	13.5	invivo	1
TAGACCATCTGAGGGA-7	13.5	invivo	1
TAGGCATGTGCACTTA-7	13.5	invivo	1
TCCCGATTCTTTAGTC-7	13.5	invivo	1
TCGGGACCAAGCTGAG-7	13.5	invivo	1
TCGGTAACACATAACC-7	13.5	invivo	1
TCTTCGGGTCGCTTTC-7	13.5	invivo	1
TGAAAGAGTTGCCTCT-7	13.5	invivo	1
TGACAACAGAATGTTG-7	13.5	invivo	1
TGACTTTTCGAGAGCA-7	13.5	invivo	1
TGAGCCGAGGTGTGGT-7	13.5	invivo	1
TGCTACCAGAAGGTTT-7	13.5	invivo	1
TGGACGCTCTATCCTA-7	13.5	invivo	1
TTATGCTCACATGACT-7	13.5	invivo	1
TTCTCCTAGTCGCCGT-7	13.5	invivo	1
TTTGCGCAGGGAACGG-7	13.5	invivo	1
AAAGTAGCATCACGAT-10	13.5	invivo	2
AACCATGGTACCGTAT-10	13.5	invivo	2
AACGTTGTCCGGCACA-10	13.5	invivo	2
AAGGCAGTCGCGGATC-10	13.5	invivo	2
ACATACGCAGAGTGTG-10	13.5	invivo	2
ACCGTAAAGAGTACCG-10	13.5	invivo	2
ACCGTAACAAAGGCGT-10	13.5	invivo	2
ACCGTAATCAGGCGAA-10	13.5	invivo	2
ACGGGTCGTTGGTGGA-10	13.5	invivo	2
ACGTCAACAAACTGCT-10	13.5	invivo	2
ACTTTCATCAACCATG-10	13.5	invivo	2
AGGGAGTAGGCGACAT-10	13.5	invivo	2
AGGTCATTCTGATACG-10	13.5	invivo	2
AGTGAGGTCAACGAAA-10	13.5	invivo	2
AGTGTCACATGATCCA-10	13.5	invivo	2
AGTTGGTTCAATCTCT-10	13.5	invivo	2
ATCACGATCTTGCAAG-10	13.5	invivo	2
ATGCGATTCTTAACCT-10	13.5	invivo	2
ATGTGTGGTCCAGTTA-10	13.5	invivo	2
ATTGGTGCATTCTCAT-10	13.5	invivo	2
CAAGGCCCATCTACGA-10	13.5	invivo	2
CAAGGCCGTGGCAAAC-10	13.5	invivo	2
CAAGGCCGTTAAGAAC-10	13.5	invivo	2
CACACTCGTTGATTCG-10	13.5	invivo	2
CACCACTTCGCCGTGA-10	13.5	invivo	2
CACCTTGTCTTTACAC-10	13.5	invivo	2
CAGCTAAAGGCACATG-10	13.5	invivo	2
CATCAAGGTCTCTCTG-10	13.5	invivo	2
CATCAGAAGGAGTACC-10	13.5	invivo	2
CATCCACAGCTACCGC-10	13.5	invivo	2
CATCGGGAGTATGACA-10	13.5	invivo	2
CATGCCTAGAAGGACA-10	13.5	invivo	2
CATGGCGCAAACAACA-10	13.5	invivo	2
CCACGGAGTATATGGA-10	13.5	invivo	2
CCACTACAGGATATAC-10	13.5	invivo	2
CCCAATCTCGGTGTTA-10	13.5	invivo	2
CCTACCAAGTATTGGA-10	13.5	invivo	2
CGATGTATCCAAACTG-10	13.5	invivo	2
CGATTGATCTGGAGCC-10	13.5	invivo	2
CGCTATCTCCCATTAT-10	13.5	invivo	2
CGGACGTGTAGCGCTC-10	13.5	invivo	2
CGGAGTCTCTACCAGA-10	13.5	invivo	2
CTAAGACGTCACAAGG-10	13.5	invivo	2
CTACACCTCGGTGTTA-10	13.5	invivo	2
CTACGTCAGTCACGCC-10	13.5	invivo	2
CTCACACGTCGGGTCT-10	13.5	invivo	2
CTCTGGTAGATCTGAA-10	13.5	invivo	2
CTCTGGTGTCCGAAGA-10	13.5	invivo	2
CTGGTCTGTCGTTGTA-10	13.5	invivo	2
CTGGTCTGTTTAGCTG-10	13.5	invivo	2
CTTCTCTCAACAACCT-10	13.5	invivo	2
CTTGGCTGTAATTGGA-10	13.5	invivo	2
GAAACTCGTAGTAGTA-10	13.5	invivo	2
GACCTGGTCATGGTCA-10	13.5	invivo	2
GACTGCGTCTGGCGTG-10	13.5	invivo	2
GATGAAACAATGAAAC-10	13.5	invivo	2
GATGAAATCAGAAATG-10	13.5	invivo	2
GATGAGGAGGTCATCT-10	13.5	invivo	2
GCAAACTCAGTATCTG-10	13.5	invivo	2
GCAGCCACAAACCCAT-10	13.5	invivo	2
GCATGCGAGGACGAAA-10	13.5	invivo	2
GCATGCGCATTCTTAC-10	13.5	invivo	2
GCGCCAAAGGGTGTGT-10	13.5	invivo	2
GCTGCTTAGTCAATAG-10	13.5	invivo	2
GCTTGAAGTTCGGGCT-10	13.5	invivo	2
GGATGTTTCTGCGGCA-10	13.5	invivo	2
GGATGTTTCTTACCTA-10	13.5	invivo	2
GGCTCGATCTCTGCTG-10	13.5	invivo	2
GGGATGACAAGTTGTC-10	13.5	invivo	2
GGGTCTGCAGCGATCC-10	13.5	invivo	2
GTCACGGCAGCTGGCT-10	13.5	invivo	2
GTCTTCGTCACGACTA-10	13.5	invivo	2
TACGGATTCAATAAGG-10	13.5	invivo	2
TACTTACCATTCCTGC-10	13.5	invivo	2
TAGCCGGTCATCTGCC-10	13.5	invivo	2
TAGGCATCAGTATGCT-10	13.5	invivo	2
TAGTGGTAGCCTTGAT-10	13.5	invivo	2
TCACAAGCAGTCACTA-10	13.5	invivo	2
TCAGGATAGAGTACAT-10	13.5	invivo	2
TGCGTGGAGTCCATAC-10	13.5	invivo	2
TGGCGCATCTCCTATA-10	13.5	invivo	2
TTTACTGAGCTACCGC-10	13.5	invivo	2
AAACCTGGTGTGTGCC-11	13.5	invivo	3
AAAGATGTCCAAGTAC-11	13.5	invivo	3
AAAGATGTCTTGCATT-11	13.5	invivo	3
AACTCTTTCAGAGACG-11	13.5	invivo	3
AACTGGTGTGTGAATA-11	13.5	invivo	3
ACACCCTCAGACAAAT-11	13.5	invivo	3
ACAGCCGCAGACAGGT-11	13.5	invivo	3
ACCGTAATCGATGAGG-11	13.5	invivo	3
ACGAGGAAGGCATGTG-11	13.5	invivo	3
ACGCAGCGTGAGCGAT-11	13.5	invivo	3
ACGCCAGCACATGGGA-11	13.5	invivo	3
ACGGGCTGTTCGAATC-11	13.5	invivo	3
ACGTCAAGTTACCGAT-11	13.5	invivo	3
ACTGATGCATAGGATA-11	13.5	invivo	3
ACTTACTGTACCAGTT-11	13.5	invivo	3
ACTTACTGTTAGAACA-11	13.5	invivo	3
AGCGTCGTCCGCTGTT-11	13.5	invivo	3
AGGCCACCAGCTGTTA-11	13.5	invivo	3
AGGGAGTAGATCGATA-11	13.5	invivo	3
AGGTCCGAGAGTGACC-11	13.5	invivo	3
ATCCACCGTGTGGTTT-11	13.5	invivo	3
ATGGGAGTCAAAGTAG-11	13.5	invivo	3
ATGTGTGGTAGAGCTG-11	13.5	invivo	3
CACAGGCTCAGTCAGT-11	13.5	invivo	3
CACTCCACATGTCCTC-11	13.5	invivo	3
CAGCATATCATAACCG-11	13.5	invivo	3
CAGCTAATCTGGTGTA-11	13.5	invivo	3
CAGCTGGAGAGTGACC-11	13.5	invivo	3
CAGGTGCGTTCGCGAC-11	13.5	invivo	3
CAGTAACGTTTGACAC-11	13.5	invivo	3
CATTATCAGTCATCCA-11	13.5	invivo	3
CCACCTAGTATAGTAG-11	13.5	invivo	3
CCACGGAGTGTGACCC-11	13.5	invivo	3
CCACTACTCGCTGATA-11	13.5	invivo	3
CCCTCCTAGGGTCGAT-11	13.5	invivo	3
CCGTACTAGCTAACTC-11	13.5	invivo	3
CCGTGGAAGATGTTAG-11	13.5	invivo	3
CCTACCACAATCACAC-11	13.5	invivo	3
CGAACATAGCGATTCT-11	13.5	invivo	3
CGAACATCAATAGCGG-11	13.5	invivo	3
CGCTTCATCCGTAGTA-11	13.5	invivo	3
CGTAGCGCAAGTCTAC-11	13.5	invivo	3
CGTCACTTCTACCTGC-11	13.5	invivo	3
CGTGAGCGTCTTGTCC-11	13.5	invivo	3
CTACATTGTCTAGGTT-11	13.5	invivo	3
CTCGTACGTAAGTGGC-11	13.5	invivo	3
CTGCCTACAGTATGCT-11	13.5	invivo	3
CTGTGCTCACGAAACG-11	13.5	invivo	3
GAACATCCATAGACTC-11	13.5	invivo	3
GAACCTATCCGTACAA-11	13.5	invivo	3
GAATAAGCAGTGAGTG-11	13.5	invivo	3
GATCGATAGGCCGAAT-11	13.5	invivo	3
GATGAAACAGTGGAGT-11	13.5	invivo	3
GATTCAGAGCCCAACC-11	13.5	invivo	3
GCCAAATAGCCCTAAT-11	13.5	invivo	3
GCGCAACAGTCCAGGA-11	13.5	invivo	3
GCGCAACCAACTGCTA-11	13.5	invivo	3
GCTGCGAAGCCAGTTT-11	13.5	invivo	3
GCTGCTTCACCATCCT-11	13.5	invivo	3
GGCGTGTAGTGCTGCC-11	13.5	invivo	3
GGGTTGCTCACCTTAT-11	13.5	invivo	3
GGTATTGTCCTTAATC-11	13.5	invivo	3
GTCTTCGTCGTGGGAA-11	13.5	invivo	3
GTGCAGCCATGGGAAC-11	13.5	invivo	3
TAAGTGCAGTGGTAAT-11	13.5	invivo	3
TACAGTGAGAATCTCC-11	13.5	invivo	3
TACCTTAGTCATCCCT-11	13.5	invivo	3
TACCTTATCCAAGCCG-11	13.5	invivo	3
TACGGGCGTTGAGGTG-11	13.5	invivo	3
TACGGTATCATTTGGG-11	13.5	invivo	3
TCAATCTGTCCAGTTA-11	13.5	invivo	3
TCACAAGAGTGGGCTA-11	13.5	invivo	3
TCATTTGAGGCCGAAT-11	13.5	invivo	3
TCATTTGCACCGCTAG-11	13.5	invivo	3
TGACAACCAGATGGGT-11	13.5	invivo	3
TGATTTCTCCTCAATT-11	13.5	invivo	3
TGTATTCAGAGGTTGC-11	13.5	invivo	3
TGTATTCTCTTGTCAT-11	13.5	invivo	3
TTAGTTCTCCCTAATT-11	13.5	invivo	3
TTATGCTGTGTAAGTA-11	13.5	invivo	3
TTTCCTCAGAGCTGCA-11	13.5	invivo	3
TTTGTCAGTAGCTAAA-11	13.5	invivo	3
